id,ticker,trade_date,close_price
1,SPY,2021-06-07,394.3183
2,SPY,2021-06-08,394.4023
3,SPY,2021-06-09,393.8139
4,SPY,2021-06-10,395.6445
5,SPY,2021-06-11,396.2983
6,SPY,2021-06-14,397.1855
7,SPY,2021-06-15,396.4571
8,SPY,2021-06-16,394.2435
9,SPY,2021-06-17,394.1128
10,SPY,2021-06-18,388.7961
11,SPY,2021-06-21,394.3621
12,SPY,2021-06-22,396.4704
13,SPY,2021-06-23,395.9925
14,SPY,2021-06-24,398.335
15,SPY,2021-06-25,399.75
16,SPY,2021-06-28,400.5559
17,SPY,2021-06-29,400.7714
18,SPY,2021-06-30,401.1087
19,SPY,2021-07-01,403.3295
20,SPY,2021-07-02,406.4124
21,SPY,2021-07-06,405.6721
22,SPY,2021-07-07,407.1058
23,SPY,2021-07-08,403.7887
24,SPY,2021-07-09,408.099
25,SPY,2021-07-12,409.5608
26,SPY,2021-07-13,408.1646
27,SPY,2021-07-14,408.7737
28,SPY,2021-07-15,407.3775
29,SPY,2021-07-16,404.1823
30,SPY,2021-07-19,398.2133
31,SPY,2021-07-20,403.9198
32,SPY,2021-07-21,407.1902
33,SPY,2021-07-22,408.0428
34,SPY,2021-07-23,412.2408
35,SPY,2021-07-26,413.2527
36,SPY,2021-07-27,411.3693
37,SPY,2021-07-28,411.2006
38,SPY,2021-07-29,412.906
39,SPY,2021-07-30,410.9008
40,SPY,2021-08-02,410.0387
41,SPY,2021-08-03,413.3746
42,SPY,2021-08-04,411.3412
43,SPY,2021-08-05,413.9462
44,SPY,2021-08-06,414.6302
45,SPY,2021-08-09,414.2928
46,SPY,2021-08-10,414.8082
47,SPY,2021-08-11,415.839
48,SPY,2021-08-12,417.0853
49,SPY,2021-08-13,417.8443
50,SPY,2021-08-16,418.8281
51,SPY,2021-08-17,416.0826
52,SPY,2021-08-18,411.5286
53,SPY,2021-08-19,412.1657
54,SPY,2021-08-20,415.4454
55,SPY,2021-08-23,419.0999
56,SPY,2021-08-24,419.7652
57,SPY,2021-08-25,420.646
58,SPY,2021-08-26,418.1629
59,SPY,2021-08-27,421.9016
60,SPY,2021-08-30,423.7569
61,SPY,2021-08-31,423.1292
62,SPY,2021-09-01,423.354
63,SPY,2021-09-02,424.6565
64,SPY,2021-09-03,424.5534
65,SPY,2021-09-07,423.0355
66,SPY,2021-09-08,422.52
67,SPY,2021-09-09,420.7116
68,SPY,2021-09-10,417.3945
69,SPY,2021-09-13,418.4626
70,SPY,2021-09-14,416.2044
71,SPY,2021-09-15,419.6808
72,SPY,2021-09-16,419.0156
73,SPY,2021-09-17,414.9339
74,SPY,2021-09-20,408.0152
75,SPY,2021-09-21,407.6298
76,SPY,2021-09-22,411.6062
77,SPY,2021-09-23,416.6072
78,SPY,2021-09-24,417.2934
79,SPY,2021-09-27,416.0996
80,SPY,2021-09-28,407.7144
81,SPY,2021-09-29,408.4006
82,SPY,2021-09-30,403.4091
83,SPY,2021-10-01,408.2032
84,SPY,2021-10-04,402.939
85,SPY,2021-10-05,407.1316
86,SPY,2021-10-06,408.8236
87,SPY,2021-10-07,412.3581
88,SPY,2021-10-08,411.6062
89,SPY,2021-10-11,408.6263
90,SPY,2021-10-12,407.6204
91,SPY,2021-10-13,409.0869
92,SPY,2021-10-14,415.968
93,SPY,2021-10-15,419.1359
94,SPY,2021-10-18,420.3767
95,SPY,2021-10-19,423.6198
96,SPY,2021-10-20,425.2837
97,SPY,2021-10-21,426.393
98,SPY,2021-10-22,425.9512
99,SPY,2021-10-25,428.2354
100,SPY,2021-10-26,428.6209
101,SPY,2021-10-27,426.722
102,SPY,2021-10-28,430.8394
103,SPY,2021-10-29,431.7137
104,SPY,2021-11-01,432.4563
105,SPY,2021-11-02,434.2048
106,SPY,2021-11-03,436.8556
107,SPY,2021-11-04,438.9143
108,SPY,2021-11-05,440.4372
109,SPY,2021-11-08,440.8132
110,SPY,2021-11-09,439.3561
111,SPY,2021-11-10,435.8216
112,SPY,2021-11-11,435.9626
113,SPY,2021-11-12,439.2527
114,SPY,2021-11-15,439.4031
115,SPY,2021-11-16,441.1422
116,SPY,2021-11-17,440.0706
117,SPY,2021-11-18,441.5653
118,SPY,2021-11-19,440.7756
119,SPY,2021-11-22,439.5347
120,SPY,2021-11-23,440.1176
121,SPY,2021-11-24,441.2926
122,SPY,2021-11-26,431.4503
123,SPY,2021-11-29,436.7429
124,SPY,2021-11-30,428.2449
125,SPY,2021-12-01,423.4883
126,SPY,2021-12-02,429.9745
127,SPY,2021-12-03,426.2333
128,SPY,2021-12-06,431.2812
129,SPY,2021-12-07,440.2022
130,SPY,2021-12-08,441.3678
131,SPY,2021-12-09,438.388
132,SPY,2021-12-10,442.5146
133,SPY,2021-12-13,438.5947
134,SPY,2021-12-14,435.5771
135,SPY,2021-12-15,442.3831
136,SPY,2021-12-16,438.4819
137,SPY,2021-12-17,433.8152
138,SPY,2021-12-20,429.2022
139,SPY,2021-12-21,436.8244
140,SPY,2021-12-22,441.1921
141,SPY,2021-12-23,443.9373
142,SPY,2021-12-27,450.22
143,SPY,2021-12-28,449.8521
144,SPY,2021-12-29,450.4275
145,SPY,2021-12-30,449.1823
146,SPY,2021-12-31,448.0503
147,SPY,2022-01-03,450.6444
148,SPY,2022-01-04,450.4935
149,SPY,2022-01-05,441.843
150,SPY,2022-01-06,441.4279
151,SPY,2022-01-07,439.6828
152,SPY,2022-01-10,439.1357
153,SPY,2022-01-11,443.1355
154,SPY,2022-01-12,444.3335
155,SPY,2022-01-13,438.2112
156,SPY,2022-01-14,438.3904
157,SPY,2022-01-18,430.6267
158,SPY,2022-01-19,426.1553
159,SPY,2022-01-20,421.4386
160,SPY,2022-01-21,413.1654
161,SPY,2022-01-24,414.92
162,SPY,2022-01-25,409.8543
163,SPY,2022-01-26,408.8261
164,SPY,2022-01-27,406.8073
165,SPY,2022-01-28,416.9105
166,SPY,2022-01-31,424.4196
167,SPY,2022-02-01,427.2873
168,SPY,2022-02-02,431.438
169,SPY,2022-02-03,421.297
170,SPY,2022-02-04,423.2781
171,SPY,2022-02-07,421.9197
172,SPY,2022-02-08,425.3911
173,SPY,2022-02-09,431.6173
174,SPY,2022-02-10,423.8629
175,SPY,2022-02-11,415.5049
176,SPY,2022-02-14,414.1465
177,SPY,2022-02-15,420.8254
178,SPY,2022-02-16,421.297
179,SPY,2022-02-17,412.2975
180,SPY,2022-02-18,409.6279
181,SPY,2022-02-22,405.2319
182,SPY,2022-02-23,398.0437
183,SPY,2022-02-24,404.0338
184,SPY,2022-02-25,412.9485
185,SPY,2022-02-28,411.892
186,SPY,2022-03-01,405.6187
187,SPY,2022-03-02,413.0806
188,SPY,2022-03-03,411.024
189,SPY,2022-03-04,407.6846
190,SPY,2022-03-07,395.6664
191,SPY,2022-03-08,392.6665
192,SPY,2022-03-09,403.1943
193,SPY,2022-03-10,401.3737
194,SPY,2022-03-11,396.2701
195,SPY,2022-03-14,393.3741
196,SPY,2022-03-15,402.0246
197,SPY,2022-03-16,410.9391
198,SPY,2022-03-17,416.0804
199,SPY,2022-03-18,420.6375
200,SPY,2022-03-21,420.5146
201,SPY,2022-03-22,425.4352
202,SPY,2022-03-23,419.9563
203,SPY,2022-03-24,426.2868
204,SPY,2022-03-25,428.3687
205,SPY,2022-03-28,431.4157
206,SPY,2022-03-29,436.7526
207,SPY,2022-03-30,434.0558
208,SPY,2022-03-31,427.3751
209,SPY,2022-04-01,428.5863
210,SPY,2022-04-04,432.2578
211,SPY,2022-04-05,426.7979
212,SPY,2022-04-06,422.5301
213,SPY,2022-04-07,424.6592
214,SPY,2022-04-08,423.5238
215,SPY,2022-04-11,416.2848
216,SPY,2022-04-12,414.7423
217,SPY,2022-04-13,419.4926
218,SPY,2022-04-14,414.2692
219,SPY,2022-04-18,414.4395
220,SPY,2022-04-19,421.1297
221,SPY,2022-04-20,420.8174
222,SPY,2022-04-21,414.5247
223,SPY,2022-04-22,403.1505
224,SPY,2022-04-25,405.4878
225,SPY,2022-04-26,393.7445
226,SPY,2022-04-27,394.8516
227,SPY,2022-04-28,404.8254
228,SPY,2022-04-29,389.8647
229,SPY,2022-05-02,392.2116
230,SPY,2022-05-03,394.0095
231,SPY,2022-05-04,406.0082
232,SPY,2022-05-05,391.5775
233,SPY,2022-05-06,389.2402
234,SPY,2022-05-09,376.7778
235,SPY,2022-05-10,377.6484
236,SPY,2022-05-11,371.649
237,SPY,2022-05-12,371.261
238,SPY,2022-05-13,380.1371
239,SPY,2022-05-16,378.5947
240,SPY,2022-05-17,386.3825
241,SPY,2022-05-18,370.8068
242,SPY,2022-05-19,368.5357
243,SPY,2022-05-20,368.6966
244,SPY,2022-05-23,375.595
245,SPY,2022-05-24,372.7277
246,SPY,2022-05-25,376.0208
247,SPY,2022-05-26,383.5342
248,SPY,2022-05-27,392.9496
249,SPY,2022-05-31,390.7448
250,SPY,2022-06-01,387.5842
251,SPY,2022-06-02,394.9652
252,SPY,2022-06-03,388.4832
253,SPY,2022-06-06,389.666
254,SPY,2022-06-07,393.4038
255,SPY,2022-06-08,389.1266
256,SPY,2022-06-09,379.8721
257,SPY,2022-06-10,368.8575
258,SPY,2022-06-13,354.8527
259,SPY,2022-06-14,353.7834
260,SPY,2022-06-15,358.827
261,SPY,2022-06-16,346.9512
262,SPY,2022-06-17,347.6992
263,SPY,2022-06-21,356.452
264,SPY,2022-06-22,355.8058
265,SPY,2022-06-23,359.2936
266,SPY,2022-06-24,370.7169
267,SPY,2022-06-27,369.3009
268,SPY,2022-06-28,361.755
269,SPY,2022-06-29,361.4604
270,SPY,2022-06-30,358.5239
271,SPY,2022-07-01,362.3158
272,SPY,2022-07-05,363.0001
273,SPY,2022-07-06,364.226
274,SPY,2022-07-07,369.681
275,SPY,2022-07-08,369.3769
276,SPY,2022-07-11,365.1573
277,SPY,2022-07-12,361.9261
278,SPY,2022-07-13,360.0254
279,SPY,2022-07-14,359.151
280,SPY,2022-07-15,366.0127
281,SPY,2022-07-18,362.9906
282,SPY,2022-07-19,372.7982
283,SPY,2022-07-20,375.1742
284,SPY,2022-07-21,378.9946
285,SPY,2022-07-22,375.4783
286,SPY,2022-07-25,375.9344
287,SPY,2022-07-26,371.4868
288,SPY,2022-07-27,381.133
289,SPY,2022-07-28,385.9132
290,SPY,2022-07-29,391.5394
291,SPY,2022-08-01,390.3799
292,SPY,2022-08-02,387.8044
293,SPY,2022-08-03,393.8773
294,SPY,2022-08-04,393.6111
295,SPY,2022-08-05,392.9459
296,SPY,2022-08-08,392.4897
297,SPY,2022-08-09,390.9312
298,SPY,2022-08-10,399.1422
299,SPY,2022-08-11,399.1422
300,SPY,2022-08-12,405.8993
301,SPY,2022-08-15,407.5719
302,SPY,2022-08-16,408.3704
303,SPY,2022-08-17,405.4716
304,SPY,2022-08-18,406.6501
305,SPY,2022-08-19,401.1855
306,SPY,2022-08-22,392.8318
307,SPY,2022-08-23,391.8815
308,SPY,2022-08-24,393.136
309,SPY,2022-08-25,398.6861
310,SPY,2022-08-26,385.1909
311,SPY,2022-08-29,382.644
312,SPY,2022-08-30,378.4435
313,SPY,2022-08-31,375.5638
314,SPY,2022-09-01,376.7422
315,SPY,2022-09-02,372.7697
316,SPY,2022-09-06,371.3632
317,SPY,2022-09-07,378.0347
318,SPY,2022-09-08,380.5057
319,SPY,2022-09-09,386.417
320,SPY,2022-09-12,390.57
321,SPY,2022-09-13,373.5871
322,SPY,2022-09-14,375.0125
323,SPY,2022-09-15,370.7549
324,SPY,2022-09-16,367.9265
325,SPY,2022-09-19,370.7798
326,SPY,2022-09-20,366.5238
327,SPY,2022-09-21,360.1302
328,SPY,2022-09-22,357.1051
329,SPY,2022-09-23,351.1219
330,SPY,2022-09-26,347.6485
331,SPY,2022-09-27,346.761
332,SPY,2022-09-28,353.5839
333,SPY,2022-09-29,346.1979
334,SPY,2022-09-30,340.8445
335,SPY,2022-10-03,349.8432
336,SPY,2022-10-04,360.6836
337,SPY,2022-10-05,359.8439
338,SPY,2022-10-06,356.1318
339,SPY,2022-10-07,346.1979
340,SPY,2022-10-10,343.5545
341,SPY,2022-10-11,341.3788
342,SPY,2022-10-12,340.2528
343,SPY,2022-10-13,349.2325
344,SPY,2022-10-14,341.2739
345,SPY,2022-10-17,350.0435
346,SPY,2022-10-18,354.1565
347,SPY,2022-10-19,351.6467
348,SPY,2022-10-20,348.6981
349,SPY,2022-10-21,357.172
350,SPY,2022-10-24,361.5425
351,SPY,2022-10-25,367.3158
352,SPY,2022-10-26,364.5484
353,SPY,2022-10-27,362.6017
354,SPY,2022-10-28,371.2283
355,SPY,2022-10-31,368.5467
356,SPY,2022-11-01,366.9341
357,SPY,2022-11-02,357.7255
358,SPY,2022-11-03,354.042
359,SPY,2022-11-04,359.1377
360,SPY,2022-11-07,362.5731
361,SPY,2022-11-08,364.5293
362,SPY,2022-11-09,357.0193
363,SPY,2022-11-10,376.6389
364,SPY,2022-11-11,380.2842
365,SPY,2022-11-14,377.0493
366,SPY,2022-11-15,380.2651
367,SPY,2022-11-16,377.3642
368,SPY,2022-11-17,376.2095
369,SPY,2022-11-18,377.9176
370,SPY,2022-11-21,376.5435
371,SPY,2022-11-22,381.6107
372,SPY,2022-11-23,384.0155
373,SPY,2022-11-25,383.9295
374,SPY,2022-11-28,377.8031
375,SPY,2022-11-29,377.1543
376,SPY,2022-11-30,389.0348
377,SPY,2022-12-01,388.7486
378,SPY,2022-12-02,388.3001
379,SPY,2022-12-05,381.3148
380,SPY,2022-12-06,375.8183
381,SPY,2022-12-07,375.1789
382,SPY,2022-12-08,378.1181
383,SPY,2022-12-09,375.2934
384,SPY,2022-12-12,380.7042
385,SPY,2022-12-13,383.586
386,SPY,2022-12-14,381.1335
387,SPY,2022-12-15,371.8104
388,SPY,2022-12-16,367.4208
389,SPY,2022-12-19,364.3051
390,SPY,2022-12-20,364.8036
391,SPY,2022-12-21,370.2584
392,SPY,2022-12-22,364.9762
393,SPY,2022-12-23,367.0756
394,SPY,2022-12-27,365.628
395,SPY,2022-12-28,361.084
396,SPY,2022-12-29,367.5837
397,SPY,2022-12-30,366.6154
398,SPY,2023-01-03,365.0721
399,SPY,2023-01-04,367.8905
400,SPY,2023-01-05,363.6916
401,SPY,2023-01-06,372.0318
402,SPY,2023-01-09,371.8209
403,SPY,2023-01-10,374.4284
404,SPY,2023-01-11,379.1641
405,SPY,2023-01-12,380.5446
406,SPY,2023-01-13,382.0209
407,SPY,2023-01-17,381.3211
408,SPY,2023-01-18,375.3009
409,SPY,2023-01-19,372.5687
410,SPY,2023-01-20,379.5093
411,SPY,2023-01-23,384.0629
412,SPY,2023-01-24,383.6507
413,SPY,2023-01-25,383.7944
414,SPY,2023-01-26,388.0125
415,SPY,2023-01-27,388.904
416,SPY,2023-01-30,384.0245
417,SPY,2023-01-31,389.671
418,SPY,2023-02-01,393.8123
419,SPY,2023-02-02,399.545
420,SPY,2023-02-03,395.2982
421,SPY,2023-02-06,392.8824
422,SPY,2023-02-07,398.0207
423,SPY,2023-02-08,393.6685
424,SPY,2023-02-09,390.2557
425,SPY,2023-02-10,391.1665
426,SPY,2023-02-13,395.7583
427,SPY,2023-02-14,395.5762
428,SPY,2023-02-15,396.8608
429,SPY,2023-02-16,391.3965
430,SPY,2023-02-17,390.4187
431,SPY,2023-02-21,382.5865
432,SPY,2023-02-22,382.0593
433,SPY,2023-02-23,384.0916
434,SPY,2023-02-24,379.9886
435,SPY,2023-02-27,381.2828
436,SPY,2023-02-28,379.8736
437,SPY,2023-03-01,378.4164
438,SPY,2023-03-02,381.3595
439,SPY,2023-03-03,387.4756
440,SPY,2023-03-06,387.744
441,SPY,2023-03-07,381.8004
442,SPY,2023-03-08,382.4236
443,SPY,2023-03-09,375.368
444,SPY,2023-03-10,369.9515
445,SPY,2023-03-13,369.4243
446,SPY,2023-03-14,375.5309
447,SPY,2023-03-15,373.1822
448,SPY,2023-03-16,379.7297
449,SPY,2023-03-17,375.2897
450,SPY,2023-03-20,378.8983
451,SPY,2023-03-21,383.8734
452,SPY,2023-03-22,377.3298
453,SPY,2023-03-23,378.3498
454,SPY,2023-03-24,380.8326
455,SPY,2023-03-27,381.5447
456,SPY,2023-03-28,380.6882
457,SPY,2023-03-29,386.2215
458,SPY,2023-03-30,388.4829
459,SPY,2023-03-31,393.9584
460,SPY,2023-04-03,395.4597
461,SPY,2023-04-04,393.2655
462,SPY,2023-04-05,392.2359
463,SPY,2023-04-06,393.766
464,SPY,2023-04-10,394.1701
465,SPY,2023-04-11,394.276
466,SPY,2023-04-12,392.6689
467,SPY,2023-04-13,397.8846
468,SPY,2023-04-14,396.9127
469,SPY,2023-04-17,398.3369
470,SPY,2023-04-18,398.5967
471,SPY,2023-04-19,398.5294
472,SPY,2023-04-20,396.3546
473,SPY,2023-04-21,396.6625
474,SPY,2023-04-24,397.0763
475,SPY,2023-04-25,390.7732
476,SPY,2023-04-26,389.118
477,SPY,2023-04-27,396.8646
478,SPY,2023-04-28,400.252
479,SPY,2023-05-01,399.8477
480,SPY,2023-05-02,395.3538
481,SPY,2023-05-03,392.64
482,SPY,2023-05-04,389.859
483,SPY,2023-05-05,397.0763
484,SPY,2023-05-08,397.1822
485,SPY,2023-05-09,395.4404
486,SPY,2023-05-10,397.288
487,SPY,2023-05-11,396.5952
488,SPY,2023-05-12,396.0755
489,SPY,2023-05-15,397.442
490,SPY,2023-05-16,394.786
491,SPY,2023-05-17,399.5783
492,SPY,2023-05-18,403.4276
493,SPY,2023-05-19,402.8406
494,SPY,2023-05-22,403.0041
495,SPY,2023-05-23,398.4813
496,SPY,2023-05-24,395.5944
497,SPY,2023-05-25,399.0202
498,SPY,2023-05-26,404.1878
499,SPY,2023-05-30,404.3417
500,SPY,2023-05-31,402.0995
501,SPY,2023-06-01,405.9199
502,SPY,2023-06-02,411.79
503,SPY,2023-06-05,411.0009
504,SPY,2023-06-06,411.8958
505,SPY,2023-06-07,410.4716
506,SPY,2023-06-08,412.9544
507,SPY,2023-06-09,413.6953
508,SPY,2023-06-12,417.4483
509,SPY,2023-06-13,420.2005
510,SPY,2023-06-14,420.7009
511,SPY,2023-06-15,425.9166
512,SPY,2023-06-16,424.4658
513,SPY,2023-06-20,422.2637
514,SPY,2023-06-21,420.1001
515,SPY,2023-06-22,421.6165
516,SPY,2023-06-23,418.429
517,SPY,2023-06-26,416.7195
518,SPY,2023-06-27,421.2881
519,SPY,2023-06-28,421.5006
520,SPY,2023-06-29,423.1619
521,SPY,2023-06-30,428.1555
522,SPY,2023-07-03,428.6481
523,SPY,2023-07-05,428.0107
524,SPY,2023-07-06,424.6591
525,SPY,2023-07-07,423.5869
526,SPY,2023-07-10,424.6591
527,SPY,2023-07-11,427.3635
528,SPY,2023-07-12,430.802
529,SPY,2023-07-13,434.2213
530,SPY,2023-07-14,433.9508
531,SPY,2023-07-17,435.4576
532,SPY,2023-07-18,438.6933
533,SPY,2023-07-19,439.6689
534,SPY,2023-07-20,436.7519
535,SPY,2023-07-21,436.7519
536,SPY,2023-07-24,438.7029
537,SPY,2023-07-25,439.9007
538,SPY,2023-07-26,439.9683
539,SPY,2023-07-27,437.0512
540,SPY,2023-07-28,441.3302
541,SPY,2023-07-31,442.1705
542,SPY,2023-08-01,440.9052
543,SPY,2023-08-02,434.7719
544,SPY,2023-08-03,433.5258
545,SPY,2023-08-04,431.5651
546,SPY,2023-08-07,435.332
547,SPY,2023-08-08,433.4389
548,SPY,2023-08-09,430.5412
549,SPY,2023-08-10,430.6958
550,SPY,2023-08-11,430.4446
551,SPY,2023-08-14,432.8207
552,SPY,2023-08-15,427.7789
553,SPY,2023-08-16,424.6397
554,SPY,2023-08-17,421.4041
555,SPY,2023-08-18,421.6069
556,SPY,2023-08-21,424.3499
557,SPY,2023-08-22,423.2006
558,SPY,2023-08-23,427.9141
559,SPY,2023-08-24,421.9836
560,SPY,2023-08-25,424.9584
561,SPY,2023-08-28,427.6533
562,SPY,2023-08-29,433.8349
563,SPY,2023-08-30,435.6218
564,SPY,2023-08-31,434.9843
565,SPY,2023-09-01,435.7957
566,SPY,2023-09-05,433.9122
567,SPY,2023-09-06,430.9952
568,SPY,2023-09-07,429.6719
569,SPY,2023-09-08,430.3191
570,SPY,2023-09-11,433.1492
571,SPY,2023-09-12,430.773
572,SPY,2023-09-13,431.2753
573,SPY,2023-09-14,434.9939
574,SPY,2023-09-15,429.753
575,SPY,2023-09-18,430.0051
576,SPY,2023-09-19,429.1133
577,SPY,2023-09-20,425.1683
578,SPY,2023-09-21,418.141
579,SPY,2023-09-22,417.2007
580,SPY,2023-09-25,418.9552
581,SPY,2023-09-26,412.8002
582,SPY,2023-09-27,412.965
583,SPY,2023-09-28,415.3591
584,SPY,2023-09-29,414.3511
585,SPY,2023-10-02,414.1862
586,SPY,2023-10-03,408.6419
587,SPY,2023-10-04,411.6177
588,SPY,2023-10-05,411.4626
589,SPY,2023-10-06,416.3478
590,SPY,2023-10-09,419.0133
591,SPY,2023-10-10,421.1942
592,SPY,2023-10-11,422.9196
593,SPY,2023-10-12,420.3412
594,SPY,2023-10-13,418.2476
595,SPY,2023-10-16,422.6481
596,SPY,2023-10-17,422.6288
597,SPY,2023-10-18,416.9972
598,SPY,2023-10-19,413.3333
599,SPY,2023-10-20,408.2542
600,SPY,2023-10-23,407.5466
601,SPY,2023-10-24,410.6193
602,SPY,2023-10-25,404.726
603,SPY,2023-10-26,399.8795
604,SPY,2023-10-27,398.067
605,SPY,2023-10-30,402.8262
606,SPY,2023-10-31,405.3561
607,SPY,2023-11-01,409.6791
608,SPY,2023-11-02,417.5304
609,SPY,2023-11-03,421.3396
610,SPY,2023-11-06,422.3089
611,SPY,2023-11-07,423.5108
612,SPY,2023-11-08,423.821
613,SPY,2023-11-09,420.5157
614,SPY,2023-11-10,427.0778
615,SPY,2023-11-13,426.6707
616,SPY,2023-11-14,434.9484
617,SPY,2023-11-15,435.8692
618,SPY,2023-11-16,436.4023
619,SPY,2023-11-17,436.9451
620,SPY,2023-11-20,440.3086
621,SPY,2023-11-21,439.349
622,SPY,2023-11-22,441.0453
623,SPY,2023-11-24,441.3165
624,SPY,2023-11-27,440.5218
625,SPY,2023-11-28,440.9579
626,SPY,2023-11-29,440.6478
627,SPY,2023-11-30,442.3828
628,SPY,2023-12-01,444.9999
629,SPY,2023-12-04,442.664
630,SPY,2023-12-05,442.5767
631,SPY,2023-12-06,440.7932
632,SPY,2023-12-07,444.1566
633,SPY,2023-12-08,446.0661
634,SPY,2023-12-11,447.8011
635,SPY,2023-12-12,449.8463
636,SPY,2023-12-13,456.0498
637,SPY,2023-12-14,457.5134
638,SPY,2023-12-15,456.7602
639,SPY,2023-12-18,459.3294
640,SPY,2023-12-19,462.1226
641,SPY,2023-12-20,455.7188
642,SPY,2023-12-21,460.0399
643,SPY,2023-12-22,460.9644
644,SPY,2023-12-26,462.9109
645,SPY,2023-12-27,463.7478
646,SPY,2023-12-28,463.923
647,SPY,2023-12-29,462.58
648,SPY,2024-01-02,459.9912
649,SPY,2024-01-03,456.2346
650,SPY,2024-01-04,454.765
651,SPY,2024-01-05,455.3879
652,SPY,2024-01-08,461.8889
653,SPY,2024-01-09,461.1882
654,SPY,2024-01-10,463.7965
655,SPY,2024-01-11,463.5921
656,SPY,2024-01-12,463.9133
657,SPY,2024-01-16,462.2101
658,SPY,2024-01-17,459.6409
659,SPY,2024-01-18,463.7284
660,SPY,2024-01-19,469.5093
661,SPY,2024-01-22,470.502
662,SPY,2024-01-23,471.8742
663,SPY,2024-01-24,472.39
664,SPY,2024-01-25,474.9593
665,SPY,2024-01-26,474.3559
666,SPY,2024-01-29,478.1125
667,SPY,2024-01-30,477.7427
668,SPY,2024-01-31,469.9472
669,SPY,2024-02-01,476.098
670,SPY,2024-02-02,481.11
671,SPY,2024-02-05,479.3582
672,SPY,2024-02-06,480.7499
673,SPY,2024-02-07,484.7596
674,SPY,2024-02-08,484.9737
675,SPY,2024-02-09,487.7766
676,SPY,2024-02-12,487.5624
677,SPY,2024-02-13,480.8472
678,SPY,2024-02-14,485.217
679,SPY,2024-02-15,488.5649
680,SPY,2024-02-16,486.1319
681,SPY,2024-02-20,483.4555
682,SPY,2024-02-21,483.8934
683,SPY,2024-02-22,493.9078
684,SPY,2024-02-23,494.2485
685,SPY,2024-02-26,492.4383
686,SPY,2024-02-27,493.3531
687,SPY,2024-02-28,492.7011
688,SPY,2024-02-29,494.4723
689,SPY,2024-03-01,499.1145
690,SPY,2024-03-04,498.5793
691,SPY,2024-03-05,493.5964
692,SPY,2024-03-06,496.0976
693,SPY,2024-03-07,501.022
694,SPY,2024-03-08,498.0148
695,SPY,2024-03-11,497.5866
696,SPY,2024-03-12,502.9393
697,SPY,2024-03-13,502.151
698,SPY,2024-03-14,501.1583
699,SPY,2024-03-15,497.7171
700,SPY,2024-03-18,500.675
701,SPY,2024-03-19,503.4574
702,SPY,2024-03-20,508.114
703,SPY,2024-03-21,509.7932
704,SPY,2024-03-22,508.8267
705,SPY,2024-03-25,507.421
706,SPY,2024-03-26,506.4837
707,SPY,2024-03-27,510.7401
708,SPY,2024-03-28,510.6426
709,SPY,2024-04-01,509.7541
710,SPY,2024-04-02,506.513
711,SPY,2024-04-03,507.0694
712,SPY,2024-04-04,500.8801
713,SPY,2024-04-05,506.1128
714,SPY,2024-04-08,506.3958
715,SPY,2024-04-09,506.9816
716,SPY,2024-04-10,501.9051
717,SPY,2024-04-11,505.693
718,SPY,2024-04-12,498.7128
719,SPY,2024-04-15,492.4649
720,SPY,2024-04-16,491.5667
721,SPY,2024-04-17,488.6575
722,SPY,2024-04-18,487.652
723,SPY,2024-04-19,483.3956
724,SPY,2024-04-22,487.8473
725,SPY,2024-04-23,493.6364
726,SPY,2024-04-24,493.4021
727,SPY,2024-04-25,491.5277
728,SPY,2024-04-26,496.1844
729,SPY,2024-04-29,497.9416
730,SPY,2024-04-30,490.0536
731,SPY,2024-05-01,488.4623
732,SPY,2024-05-02,493.0311
733,SPY,2024-05-03,499.1424
734,SPY,2024-05-06,504.2969
735,SPY,2024-05-07,504.8535
736,SPY,2024-05-08,504.9022
737,SPY,2024-05-09,507.8113
738,SPY,2024-05-10,508.4655
739,SPY,2024-05-13,508.5338
740,SPY,2024-05-14,510.8671
741,SPY,2024-05-15,517.1932
742,SPY,2024-05-16,516.129
743,SPY,2024-05-17,516.8708
744,SPY,2024-05-20,517.4664
745,SPY,2024-05-21,518.7355
746,SPY,2024-05-22,517.2419
747,SPY,2024-05-23,513.4638
748,SPY,2024-05-24,516.8612
749,SPY,2024-05-28,517.2224
750,SPY,2024-05-29,513.6006
751,SPY,2024-05-30,510.1935
752,SPY,2024-05-31,514.8403
753,SPY,2024-06-03,515.2601
754,SPY,2024-06-04,515.8361
755,SPY,2024-06-05,521.9669
756,SPY,2024-06-06,521.9571
757,SPY,2024-06-07,521.3226
758,SPY,2024-06-10,522.9333
759,SPY,2024-06-11,524.1927
760,SPY,2024-06-12,528.4979
761,SPY,2024-06-13,529.562
762,SPY,2024-06-14,529.8842
763,SPY,2024-06-17,534.1016
764,SPY,2024-06-18,535.4586
765,SPY,2024-06-20,534.0039
766,SPY,2024-06-21,533.288
767,SPY,2024-06-24,531.5544
768,SPY,2024-06-25,533.6014
769,SPY,2024-06-26,534.2674
770,SPY,2024-06-27,535.1097
771,SPY,2024-06-28,533.004
772,SPY,2024-07-01,534.101
773,SPY,2024-07-02,537.6953
774,SPY,2024-07-03,540.0948
775,SPY,2024-07-05,543.2093
776,SPY,2024-07-08,543.8361
777,SPY,2024-07-09,544.365
778,SPY,2024-07-10,549.7515
779,SPY,2024-07-11,545.0114
780,SPY,2024-07-12,548.449
781,SPY,2024-07-15,549.9572
782,SPY,2024-07-16,553.2186
783,SPY,2024-07-17,545.4619
784,SPY,2024-07-18,541.2701
785,SPY,2024-07-19,537.6757
786,SPY,2024-07-22,543.2191
787,SPY,2024-07-23,542.3671
788,SPY,2024-07-24,530.0756
789,SPY,2024-07-25,527.3136
790,SPY,2024-07-26,533.2195
791,SPY,2024-07-29,533.5328
792,SPY,2024-07-30,530.8298
793,SPY,2024-07-31,539.4583
794,SPY,2024-08-01,531.819
795,SPY,2024-08-02,521.9173
796,SPY,2024-08-05,506.7172
797,SPY,2024-08-06,511.3889
798,SPY,2024-08-07,507.9708
799,SPY,2024-08-08,519.7137
800,SPY,2024-08-09,522.0054
801,SPY,2024-08-12,522.2797
802,SPY,2024-08-13,530.869
803,SPY,2024-08-14,532.5436
804,SPY,2024-08-15,541.6716
805,SPY,2024-08-16,542.886
806,SPY,2024-08-19,548.0768
807,SPY,2024-08-20,547.1856
808,SPY,2024-08-21,549.066
809,SPY,2024-08-22,544.7567
810,SPY,2024-08-23,550.5449
811,SPY,2024-08-26,549.2325
812,SPY,2024-08-27,549.9867
813,SPY,2024-08-28,546.7938
814,SPY,2024-08-29,546.8428
815,SPY,2024-08-30,552.063
816,SPY,2024-09-03,540.702
817,SPY,2024-09-04,539.5953
818,SPY,2024-09-05,538.283
819,SPY,2024-09-06,529.2236
820,SPY,2024-09-09,535.1488
821,SPY,2024-09-10,537.4799
822,SPY,2024-09-11,542.9938
823,SPY,2024-09-12,547.5675
824,SPY,2024-09-13,550.4273
825,SPY,2024-09-16,551.2403
826,SPY,2024-09-17,551.4656
827,SPY,2024-09-18,549.83
828,SPY,2024-09-19,559.2125
829,SPY,2024-09-20,558.2457
830,SPY,2024-09-23,559.6408
831,SPY,2024-09-24,561.2421
832,SPY,2024-09-25,560.0043
833,SPY,2024-09-26,562.2245
834,SPY,2024-09-27,561.4091
835,SPY,2024-09-30,563.6588
836,SPY,2024-10-01,558.6093
837,SPY,2024-10-02,558.8451
838,SPY,2024-10-03,557.8234
839,SPY,2024-10-04,562.8925
840,SPY,2024-10-07,557.8037
841,SPY,2024-10-08,563.0792
842,SPY,2024-10-09,566.9794
843,SPY,2024-10-10,565.9871
844,SPY,2024-10-11,569.3763
845,SPY,2024-10-14,574.033
846,SPY,2024-10-15,569.5729
847,SPY,2024-10-16,572.0485
848,SPY,2024-10-17,572.0975
849,SPY,2024-10-18,574.2981
850,SPY,2024-10-21,573.355
851,SPY,2024-10-22,573.0505
852,SPY,2024-10-23,567.8143
853,SPY,2024-10-24,569.0424
854,SPY,2024-10-25,568.8458
855,SPY,2024-10-28,570.6044
856,SPY,2024-10-29,571.5278
857,SPY,2024-10-30,569.7988
858,SPY,2024-10-31,558.629
859,SPY,2024-11-01,560.9867
860,SPY,2024-11-04,559.7784
861,SPY,2024-11-05,566.5471
862,SPY,2024-11-06,580.6346
863,SPY,2024-11-07,585.1241
864,SPY,2024-11-08,587.6587
865,SPY,2024-11-11,588.2187
866,SPY,2024-11-12,586.3915
867,SPY,2024-11-13,586.6764
868,SPY,2024-11-14,582.9039
869,SPY,2024-11-15,575.4377
870,SPY,2024-11-18,577.7955
871,SPY,2024-11-19,579.9077
872,SPY,2024-11-20,580.1041
873,SPY,2024-11-21,583.2182
874,SPY,2024-11-22,585.0259
875,SPY,2024-11-25,587.0103
876,SPY,2024-11-26,590.0754
877,SPY,2024-11-27,588.2874
878,SPY,2024-11-29,591.942
879,SPY,2024-12-02,593.0029
880,SPY,2024-12-03,593.278
881,SPY,2024-12-04,596.9619
882,SPY,2024-12-05,595.9796
883,SPY,2024-12-06,597.1094
884,SPY,2024-12-09,594.0344
885,SPY,2024-12-10,592.1876
886,SPY,2024-12-11,596.7656
887,SPY,2024-12-12,593.6906
888,SPY,2024-12-13,593.5728
889,SPY,2024-12-16,596.1074
890,SPY,2024-12-17,593.6513
891,SPY,2024-12-18,575.9585
892,SPY,2024-12-19,575.7815
893,SPY,2024-12-20,582.6973
894,SPY,2024-12-23,586.1866
895,SPY,2024-12-24,592.7021
896,SPY,2024-12-26,592.7416
897,SPY,2024-12-27,586.5021
898,SPY,2024-12-30,579.8091
899,SPY,2024-12-31,577.6997
900,SPY,2025-01-02,576.2803
901,SPY,2025-01-03,583.4858
902,SPY,2025-01-06,586.847
903,SPY,2025-01-07,580.2132
904,SPY,2025-01-08,581.0609
905,SPY,2025-01-10,572.1896
906,SPY,2025-01-13,573.0768
907,SPY,2025-01-14,573.8654
908,SPY,2025-01-15,584.304
909,SPY,2025-01-16,583.1802
910,SPY,2025-01-17,589.0353
911,SPY,2025-01-21,594.4271
912,SPY,2025-01-22,597.7687
913,SPY,2025-01-23,601.0314
914,SPY,2025-01-24,599.2767
915,SPY,2025-01-27,590.7997
916,SPY,2025-01-28,595.8762
917,SPY,2025-01-29,593.2048
918,SPY,2025-01-30,596.3886
919,SPY,2025-01-31,593.2147
920,SPY,2025-02-03,589.2226
921,SPY,2025-02-04,593.1753
922,SPY,2025-02-05,595.5803
923,SPY,2025-02-06,597.6504
924,SPY,2025-02-07,592.1797
925,SPY,2025-02-10,596.2014
926,SPY,2025-02-11,596.6548
927,SPY,2025-02-12,594.7327
928,SPY,2025-02-13,601.0117
929,SPY,2025-02-14,600.982
930,SPY,2025-02-18,602.7463
931,SPY,2025-02-19,604.1659
932,SPY,2025-02-20,601.6523
933,SPY,2025-02-21,591.3616
934,SPY,2025-02-24,588.6707
935,SPY,2025-02-25,585.7431
936,SPY,2025-02-26,586.0388
937,SPY,2025-02-27,576.6844
938,SPY,2025-02-28,585.684
939,SPY,2025-03-03,575.4228
940,SPY,2025-03-04,568.6116
941,SPY,2025-03-05,574.7229
942,SPY,2025-03-06,564.5209
943,SPY,2025-03-07,567.685
944,SPY,2025-03-10,552.5645
945,SPY,2025-03-11,547.9709
946,SPY,2025-03-12,550.8788
947,SPY,2025-03-13,543.5354
948,SPY,2025-03-14,554.7625
949,SPY,2025-03-17,559.0404
950,SPY,2025-03-18,552.9981
951,SPY,2025-03-19,559.0207
952,SPY,2025-03-20,557.4042
953,SPY,2025-03-21,557.5881
954,SPY,2025-03-24,567.5736
955,SPY,2025-03-25,568.938
956,SPY,2025-03-26,562.1458
957,SPY,2025-03-27,560.653
958,SPY,2025-03-28,549.3624
959,SPY,2025-03-31,553.0501
960,SPY,2025-04-01,554.6121
961,SPY,2025-04-02,558.1219
962,SPY,2025-04-03,530.6173
963,SPY,2025-04-04,499.5533
964,SPY,2025-04-07,498.6635
965,SPY,2025-04-08,490.8531
966,SPY,2025-04-09,542.4022
967,SPY,2025-04-10,518.6347
968,SPY,2025-04-11,527.8885
969,SPY,2025-04-14,533.0098
970,SPY,2025-04-15,531.5168
971,SPY,2025-04-16,519.7024
972,SPY,2025-04-17,520.4438
973,SPY,2025-04-21,508.0558
974,SPY,2025-04-22,521.2744
975,SPY,2025-04-23,529.3517
976,SPY,2025-04-24,540.4941
977,SPY,2025-04-25,544.3992
978,SPY,2025-04-28,544.6069
979,SPY,2025-04-29,548.0375
980,SPY,2025-04-30,548.2551
981,SPY,2025-05-01,552.1405
982,SPY,2025-05-02,560.3365
983,SPY,2025-05-05,557.1234
984,SPY,2025-05-06,552.4667
985,SPY,2025-05-07,554.7902
986,SPY,2025-05-08,558.6558
987,SPY,2025-05-09,557.944
988,SPY,2025-05-12,576.3826
989,SPY,2025-05-13,580.189
990,SPY,2025-05-14,580.9305
991,SPY,2025-05-15,583.7679
992,SPY,2025-05-16,587.4656
993,SPY,2025-05-19,588.1082
994,SPY,2025-05-20,586.1309
995,SPY,2025-05-21,576.2542
996,SPY,2025-05-22,576.4814
997,SPY,2025-05-23,572.5466
998,SPY,2025-05-27,584.4502
999,SPY,2025-05-28,581.0688
1000,SPY,2025-05-29,583.3625
1001,SPY,2025-05-30,582.7101
1002,SPY,2025-06-02,585.9925
1003,SPY,2025-06-03,589.3342
1004,SPY,2025-06-04,589.1759
1005,SPY,2025-06-05,586.3286
1006,SPY,2025-06-06,592.3495
1007,SPY,2025-06-09,592.8834
1008,SPY,2025-06-10,596.2449
1009,SPY,2025-06-11,594.5444
1010,SPY,2025-06-12,596.9073
1011,SPY,2025-06-13,590.2338
1012,SPY,2025-06-16,595.8494
1013,SPY,2025-06-17,590.7578
1014,SPY,2025-06-18,590.6689
1015,SPY,2025-06-20,589.2816
1016,SPY,2025-06-23,595.1022
1017,SPY,2025-06-24,601.6765
1018,SPY,2025-06-25,602.0136
1019,SPY,2025-06-26,606.7236
1020,SPY,2025-06-27,609.738
1021,SPY,2025-06-30,612.6534
1022,SPY,2025-07-01,612.4551
1023,SPY,2025-07-02,615.2315
1024,SPY,2025-07-03,620.0804
1025,SPY,2025-07-07,615.4595
1026,SPY,2025-07-08,615.1224
1027,SPY,2025-07-09,618.8111
1028,SPY,2025-07-10,620.5563
1029,SPY,2025-07-11,618.3748
1030,SPY,2025-07-14,619.5547
1031,SPY,2025-07-15,616.9073
1032,SPY,2025-07-16,618.9697
1033,SPY,2025-07-17,622.7576
1034,SPY,2025-07-18,622.3015
1035,SPY,2025-07-21,623.4815
1036,SPY,2025-07-22,623.5707
1037,SPY,2025-07-23,628.8758
1038,SPY,2025-07-24,629.084
1039,SPY,2025-07-25,631.7415
1040,SPY,2025-07-28,631.5828
1041,SPY,2025-07-29,629.9169
1042,SPY,2025-07-30,629.1237
1043,SPY,2025-07-31,626.7637
1044,SPY,2025-08-01,616.4907
1045,SPY,2025-08-04,625.8613
1046,SPY,2025-08-05,622.6882
1047,SPY,2025-08-06,627.4578
1048,SPY,2025-08-07,626.9322
1049,SPY,2025-08-08,631.8207
1050,SPY,2025-08-11,630.5714
1051,SPY,2025-08-12,637.2845
1052,SPY,2025-08-13,639.4659
1053,SPY,2025-08-14,639.5254
1054,SPY,2025-08-15,638.0281
1055,SPY,2025-08-18,637.8893
1056,SPY,2025-08-19,634.4286
1057,SPY,2025-08-20,632.7429
1058,SPY,2025-08-21,630.2045
1059,SPY,2025-08-22,639.8824
1060,SPY,2025-08-25,637.0662
1061,SPY,2025-08-26,639.7336
1062,SPY,2025-08-27,641.1913
1063,SPY,2025-08-28,643.462
1064,SPY,2025-08-29,639.6246
1065,SPY,2025-09-02,634.8848
1066,SPY,2025-09-03,638.3256
1067,SPY,2025-09-04,643.6603
1068,SPY,2025-09-05,641.7961
1069,SPY,2025-09-08,643.3727
1070,SPY,2025-09-09,644.8602
1071,SPY,2025-09-10,646.7244
1072,SPY,2025-09-11,652.0988
1073,SPY,2025-09-12,651.8806
1074,SPY,2025-09-15,655.3511
1075,SPY,2025-09-16,654.4489
1076,SPY,2025-09-17,653.6357
1077,SPY,2025-09-18,656.6898
1078,SPY,2025-09-19,659.9423
1079,SPY,2025-09-22,663.0645
1080,SPY,2025-09-23,659.4551
1081,SPY,2025-09-24,657.357
1082,SPY,2025-09-25,654.3243
1083,SPY,2025-09-26,658.073
1084,SPY,2025-09-29,659.9224
1085,SPY,2025-09-30,662.4083
1086,SPY,2025-10-01,664.6655
1087,SPY,2025-10-02,665.431
1088,SPY,2025-10-03,665.4211
1089,SPY,2025-10-06,667.8075
1090,SPY,2025-10-07,665.3316
1091,SPY,2025-10-08,669.299
1092,SPY,2025-10-09,667.36
1093,SPY,2025-10-10,649.3228
1094,SPY,2025-10-13,659.286
1095,SPY,2025-10-14,658.4806
1096,SPY,2025-10-15,661.404
1097,SPY,2025-10-16,656.8997
1098,SPY,2025-10-17,660.6284
1099,SPY,2025-10-20,667.4993
1100,SPY,2025-10-21,667.4893
1101,SPY,2025-10-22,664.0191
1102,SPY,2025-10-23,667.9567
1103,SPY,2025-10-24,673.4156
1104,SPY,2025-10-27,681.3604
1105,SPY,2025-10-28,683.17
1106,SPY,2025-10-29,683.4982
1107,SPY,2025-10-30,675.981
1108,SPY,2025-10-31,678.1984
1109,SPY,2025-11-03,679.4711
1110,SPY,2025-11-04,671.417
1111,SPY,2025-11-05,673.7437
1112,SPY,2025-11-06,666.5149
1113,SPY,2025-11-07,667.1711
1114,SPY,2025-11-10,677.5819
1115,SPY,2025-11-11,679.133
1116,SPY,2025-11-12,679.5109
1117,SPY,2025-11-13,668.235
1118,SPY,2025-11-14,668.1257
1119,SPY,2025-11-17,661.9011
1120,SPY,2025-11-18,656.3428
1121,SPY,2025-11-19,658.8784
1122,SPY,2025-11-20,648.8356
1123,SPY,2025-11-21,655.2988
1124,SPY,2025-11-24,664.9438
1125,SPY,2025-11-25,671.1982
1126,SPY,2025-11-26,675.8318
1127,SPY,2025-11-28,679.5208
1128,SPY,2025-12-01,676.4185
1129,SPY,2025-12-02,677.6714
1130,SPY,2025-12-03,680.018
1131,SPY,2025-12-04,680.5151
1132,SPY,2025-12-05,681.8078
1133,SPY,2025-12-08,679.7595
1134,SPY,2025-12-09,679.1727
1135,SPY,2025-12-10,683.6772
1136,SPY,2025-12-11,685.2681
1137,SPY,2025-12-12,677.9
1138,SPY,2025-12-15,676.8759
1139,SPY,2025-12-16,675.0264
1140,SPY,2025-12-17,667.5987
1141,SPY,2025-12-18,672.64
1142,SPY,2025-12-19,678.7364
1143,SPY,2025-12-22,682.9648
1144,SPY,2025-12-23,686.0863
1145,SPY,2025-12-24,688.4997
1146,SPY,2025-12-26,688.4299
1147,SPY,2025-12-29,685.9766
1148,SPY,2025-12-30,685.1389
1149,SPY,2025-12-31,680.0627
1150,SPY,2026-01-02,681.3093
1151,SPY,2026-01-05,685.8469
1152,SPY,2026-01-06,689.9258
1153,SPY,2026-01-07,687.7019
1154,SPY,2026-01-08,687.6321
1155,SPY,2026-01-09,692.1796
1156,SPY,2026-01-12,693.2667
1157,SPY,2026-01-13,691.8805
1158,SPY,2026-01-14,688.4797
1159,SPY,2026-01-15,690.3546
1160,SPY,2026-01-16,689.7762
1161,SPY,2026-01-20,675.7346
1162,SPY,2026-01-21,683.5333
1163,SPY,2026-01-22,687.1035
1164,SPY,2026-01-23,687.3528
1165,SPY,2026-01-26,690.8433
1166,SPY,2026-01-27,693.5958
1167,SPY,2026-01-28,693.5259
1168,SPY,2026-01-29,692.1497
1169,SPY,2026-01-30,690.0853
1170,SPY,2026-02-02,693.516
1171,SPY,2026-02-03,687.652
1172,SPY,2026-02-04,684.3211
1173,SPY,2026-02-05,675.7745
1174,SPY,2026-02-06,688.739
1175,SPY,2026-02-09,692.06
1176,SPY,2026-02-10,690.2349
1177,SPY,2026-02-11,690.0754
1178,SPY,2026-02-12,679.4146
1179,SPY,2026-02-13,679.8932
1180,SPY,2026-02-17,680.9902
1181,SPY,2026-02-18,684.4208
1182,SPY,2026-02-19,682.6157
1183,SPY,2026-02-20,687.5523
1184,SPY,2026-02-23,680.5315
1185,SPY,2026-02-24,685.4779
1186,SPY,2026-02-25,691.2622
1187,SPY,2026-02-26,687.4226
1188,SPY,2026-02-27,684.1216
1189,SPY,2026-03-02,684.5106
1190,SPY,2026-03-03,678.4771
1191,SPY,2026-03-04,683.264
1192,SPY,2026-03-05,679.4544
1193,SPY,2026-03-06,670.5487
1194,SPY,2026-03-09,676.4227
1195,SPY,2026-03-10,675.3356
1196,SPY,2026-03-11,674.488
1197,SPY,2026-03-12,664.2459
1198,SPY,2026-03-13,660.4862
1199,SPY,2026-03-16,667.2079
1200,SPY,2026-03-17,668.963
1201,SPY,2026-03-18,659.6285
1202,SPY,2026-03-19,658.003
1203,SPY,2026-03-20,648.57
1204,SPY,2026-03-23,655.38
1205,SPY,2026-03-24,653.18
1206,SPY,2026-03-25,656.82
1207,SPY,2026-03-26,645.09
1208,SPY,2026-03-27,634.09
1209,SPY,2026-03-30,631.97
1210,SPY,2026-03-31,650.34
1211,SPY,2026-04-01,655.24
1212,SPY,2026-04-02,655.83
1213,SPY,2026-04-06,658.93
1214,SPY,2026-04-07,659.22
1215,SPY,2026-04-08,676.01
1216,SPY,2026-04-09,679.91
1217,SPY,2026-04-10,679.46
1218,SPY,2026-04-13,686.1
1219,SPY,2026-04-14,694.46
1220,SPY,2026-04-15,699.94
1221,SPY,2026-04-16,701.66
1222,SPY,2026-04-17,710.14
1223,SPY,2026-04-20,708.72
1224,SPY,2026-04-21,704.08
1225,SPY,2026-04-22,711.21
1226,SPY,2026-04-23,708.45
1227,SPY,2026-04-24,713.94
1228,SPY,2026-04-27,715.17
1229,SPY,2026-04-28,711.69
1230,SPY,2026-04-29,711.58
1231,SPY,2026-04-30,718.66
1232,SPY,2026-05-01,720.65
1233,SPY,2026-05-04,718.01
1234,SPY,2026-05-05,723.77
1235,SPY,2026-05-06,733.83
1236,SPY,2026-05-07,731.58
1237,SPY,2026-05-08,737.62
1238,SPY,2026-05-11,739.3
1239,SPY,2026-05-12,738.18
1240,SPY,2026-05-13,742.31
1241,SPY,2026-05-14,748.17
1242,SPY,2026-05-15,739.17
1243,SPY,2026-05-18,738.65
1244,SPY,2026-05-19,733.73
1245,SPY,2026-05-20,741.25
1246,SPY,2026-05-21,742.72
1247,SPY,2026-05-22,745.64
1248,SPY,2026-05-26,750.59
1249,SPY,2026-05-27,750.46
1250,SPY,2026-05-28,754.6
1251,SPY,2026-05-29,756.48
1252,SPY,2026-06-01,758.54
1253,SPY,2026-06-02,759.57
1254,SPY,2026-06-03,754.24
1255,SPY,2026-06-04,757.09
1256,SPY,2026-06-05,737.55
1257,QQQ,2021-06-07,326.6468
1258,QQQ,2021-06-08,326.802
1259,QQQ,2021-06-09,326.8797
1260,QQQ,2021-06-10,330.2859
1261,QQQ,2021-06-11,331.1496
1262,QQQ,2021-06-14,334.3229
1263,QQQ,2021-06-15,332.1395
1264,QQQ,2021-06-16,330.9264
1265,QQQ,2021-06-17,335.1284
1266,QQQ,2021-06-18,332.4985
1267,QQQ,2021-06-21,334.565
1268,QQQ,2021-06-22,337.6837
1269,QQQ,2021-06-23,337.8488
1270,QQQ,2021-06-24,339.9377
1271,QQQ,2021-06-25,339.5199
1272,QQQ,2021-06-28,343.649
1273,QQQ,2021-06-29,344.8926
1274,QQQ,2021-06-30,344.3485
1275,QQQ,2021-07-01,344.4846
1276,QQQ,2021-07-02,348.4388
1277,QQQ,2021-07-06,349.9447
1278,QQQ,2021-07-07,350.6831
1279,QQQ,2021-07-08,348.5651
1280,QQQ,2021-07-09,350.7413
1281,QQQ,2021-07-12,352.1114
1282,QQQ,2021-07-13,352.1114
1283,QQQ,2021-07-14,352.7428
1284,QQQ,2021-07-15,350.2653
1285,QQQ,2021-07-16,347.4284
1286,QQQ,2021-07-19,344.5817
1287,QQQ,2021-07-20,348.5845
1288,QQQ,2021-07-21,351.2758
1289,QQQ,2021-07-22,353.5978
1290,QQQ,2021-07-23,357.7269
1291,QQQ,2021-07-26,358.0086
1292,QQQ,2021-07-27,354.0641
1293,QQQ,2021-07-28,355.4243
1294,QQQ,2021-07-29,356.0558
1295,QQQ,2021-07-30,354.2002
1296,QQQ,2021-08-02,354.2293
1297,QQQ,2021-08-03,356.3764
1298,QQQ,2021-08-04,356.8913
1299,QQQ,2021-08-05,359.1551
1300,QQQ,2021-08-06,357.5811
1301,QQQ,2021-08-09,358.2417
1302,QQQ,2021-08-10,356.4055
1303,QQQ,2021-08-11,355.7934
1304,QQQ,2021-08-12,357.0759
1305,QQQ,2021-08-13,358.3293
1306,QQQ,2021-08-16,358.4847
1307,QQQ,2021-08-17,355.3271
1308,QQQ,2021-08-18,351.9072
1309,QQQ,2021-08-19,353.6074
1310,QQQ,2021-08-20,357.2702
1311,QQQ,2021-08-23,362.6138
1312,QQQ,2021-08-24,363.7213
1313,QQQ,2021-08-25,364.1391
1314,QQQ,2021-08-26,361.8268
1315,QQQ,2021-08-27,365.3439
1316,QQQ,2021-08-30,369.4438
1317,QQQ,2021-08-31,369.1426
1318,QQQ,2021-09-01,369.7547
1319,QQQ,2021-09-02,369.5798
1320,QQQ,2021-09-03,370.7166
1321,QQQ,2021-09-07,371.2412
1322,QQQ,2021-09-08,369.9491
1323,QQQ,2021-09-09,368.6763
1324,QQQ,2021-09-10,365.8782
1325,QQQ,2021-09-13,365.6256
1326,QQQ,2021-09-14,364.586
1327,QQQ,2021-09-15,367.2966
1328,QQQ,2021-09-16,367.5494
1329,QQQ,2021-09-17,363.1967
1330,QQQ,2021-09-20,355.6919
1331,QQQ,2021-09-21,356.1295
1332,QQQ,2021-09-22,359.456
1333,QQQ,2021-09-23,362.7727
1334,QQQ,2021-09-24,363.113
1335,QQQ,2021-09-27,360.2146
1336,QQQ,2021-09-28,350.0215
1337,QQQ,2021-09-29,349.4476
1338,QQQ,2021-09-30,348.1637
1339,QQQ,2021-10-01,350.323
1340,QQQ,2021-10-04,342.9698
1341,QQQ,2021-10-05,347.5996
1342,QQQ,2021-10-06,349.8269
1343,QQQ,2021-10-07,353.0367
1344,QQQ,2021-10-08,351.2761
1345,QQQ,2021-10-11,348.582
1346,QQQ,2021-10-12,347.3662
1347,QQQ,2021-10-13,350.1479
1348,QQQ,2021-10-14,356.5965
1349,QQQ,2021-10-15,358.8432
1350,QQQ,2021-10-18,362.4516
1351,QQQ,2021-10-19,365.1945
1352,QQQ,2021-10-20,364.7179
1353,QQQ,2021-10-21,366.9452
1354,QQQ,2021-10-22,363.862
1355,QQQ,2021-10-25,367.5871
1356,QQQ,2021-10-26,368.7446
1357,QQQ,2021-10-27,369.6005
1358,QQQ,2021-10-28,373.7051
1359,QQQ,2021-10-29,375.5433
1360,QQQ,2021-11-01,376.8271
1361,QQQ,2021-11-02,378.4029
1362,QQQ,2021-11-03,382.4198
1363,QQQ,2021-11-04,387.322
1364,QQQ,2021-11-05,387.6916
1365,QQQ,2021-11-08,387.1664
1366,QQQ,2021-11-09,384.5013
1367,QQQ,2021-11-10,378.8503
1368,QQQ,2021-11-11,379.9008
1369,QQQ,2021-11-12,383.8983
1370,QQQ,2021-11-15,383.8106
1371,QQQ,2021-11-16,386.5439
1372,QQQ,2021-11-17,386.748
1373,QQQ,2021-11-18,390.7553
1374,QQQ,2021-11-19,392.934
1375,QQQ,2021-11-22,388.3724
1376,QQQ,2021-11-23,386.6022
1377,QQQ,2021-11-24,387.8472
1378,QQQ,2021-11-26,380.494
1379,QQQ,2021-11-29,388.7517
1380,QQQ,2021-11-30,383.0423
1381,QQQ,2021-12-01,376.5257
1382,QQQ,2021-12-02,379.2393
1383,QQQ,2021-12-03,372.6448
1384,QQQ,2021-12-06,375.6309
1385,QQQ,2021-12-07,386.9426
1386,QQQ,2021-12-08,388.6739
1387,QQQ,2021-12-09,382.9548
1388,QQQ,2021-12-10,387.1177
1389,QQQ,2021-12-13,381.525
1390,QQQ,2021-12-14,377.5761
1391,QQQ,2021-12-15,386.184
1392,QQQ,2021-12-16,376.2533
1393,QQQ,2021-12-17,374.3762
1394,QQQ,2021-12-20,370.7446
1395,QQQ,2021-12-21,379.042
1396,QQQ,2021-12-22,383.6582
1397,QQQ,2021-12-23,386.5505
1398,QQQ,2021-12-27,392.9392
1399,QQQ,2021-12-28,391.118
1400,QQQ,2021-12-29,391.0596
1401,QQQ,2021-12-30,389.8909
1402,QQQ,2021-12-31,387.4563
1403,QQQ,2022-01-03,391.1862
1404,QQQ,2022-01-04,386.1124
1405,QQQ,2022-01-05,374.2505
1406,QQQ,2022-01-06,373.9875
1407,QQQ,2022-01-07,369.9362
1408,QQQ,2022-01-10,370.1797
1409,QQQ,2022-01-11,375.7405
1410,QQQ,2022-01-12,377.2306
1411,QQQ,2022-01-13,367.7938
1412,QQQ,2022-01-14,370.0824
1413,QQQ,2022-01-18,360.8695
1414,QQQ,2022-01-19,356.9058
1415,QQQ,2022-01-20,352.2701
1416,QQQ,2022-01-21,342.5022
1417,QQQ,2022-01-24,344.0702
1418,QQQ,2022-01-25,336.0941
1419,QQQ,2022-01-26,335.5681
1420,QQQ,2022-01-27,332.1888
1421,QQQ,2022-01-28,342.6093
1422,QQQ,2022-01-31,353.5654
1423,QQQ,2022-02-01,355.9709
1424,QQQ,2022-02-02,358.8633
1425,QQQ,2022-02-03,344.3136
1426,QQQ,2022-02-04,348.6571
1427,QQQ,2022-02-07,345.8524
1428,QQQ,2022-02-08,349.7381
1429,QQQ,2022-02-09,357.1494
1430,QQQ,2022-02-10,349.0661
1431,QQQ,2022-02-11,337.9931
1432,QQQ,2022-02-14,338.4119
1433,QQQ,2022-02-15,346.8262
1434,QQQ,2022-02-16,346.7385
1435,QQQ,2022-02-17,336.4252
1436,QQQ,2022-02-18,332.5881
1437,QQQ,2022-02-22,329.2477
1438,QQQ,2022-02-23,320.814
1439,QQQ,2022-02-24,331.5947
1440,QQQ,2022-02-25,336.7369
1441,QQQ,2022-02-28,337.7399
1442,QQQ,2022-03-01,332.5686
1443,QQQ,2022-03-02,338.149
1444,QQQ,2022-03-03,333.3185
1445,QQQ,2022-03-04,328.4881
1446,QQQ,2022-03-07,316.3731
1447,QQQ,2022-03-08,314.9026
1448,QQQ,2022-03-09,326.2384
1449,QQQ,2022-03-10,322.6157
1450,QQQ,2022-03-11,315.9251
1451,QQQ,2022-03-14,309.8579
1452,QQQ,2022-03-15,319.5772
1453,QQQ,2022-03-16,331.4292
1454,QQQ,2022-03-17,335.4416
1455,QQQ,2022-03-18,342.3074
1456,QQQ,2022-03-21,341.3557
1457,QQQ,2022-03-22,348.0643
1458,QQQ,2022-03-23,343.0621
1459,QQQ,2022-03-24,350.6872
1460,QQQ,2022-03-25,350.3947
1461,QQQ,2022-03-28,355.8161
1462,QQQ,2022-03-29,361.9397
1463,QQQ,2022-03-30,357.9418
1464,QQQ,2022-03-31,353.5052
1465,QQQ,2022-04-01,352.8324
1466,QQQ,2022-04-04,360.0967
1467,QQQ,2022-04-05,352.1011
1468,QQQ,2022-04-06,344.4565
1469,QQQ,2022-04-07,345.2756
1470,QQQ,2022-04-08,340.4489
1471,QQQ,2022-04-11,332.3948
1472,QQQ,2022-04-12,330.9907
1473,QQQ,2022-04-13,337.7187
1474,QQQ,2022-04-14,329.996
1475,QQQ,2022-04-18,330.2496
1476,QQQ,2022-04-19,337.6309
1477,QQQ,2022-04-20,332.7068
1478,QQQ,2022-04-21,325.8227
1479,QQQ,2022-04-22,317.2907
1480,QQQ,2022-04-25,321.3667
1481,QQQ,2022-04-26,309.2366
1482,QQQ,2022-04-27,308.8661
1483,QQQ,2022-04-28,319.8358
1484,QQQ,2022-04-29,305.4435
1485,QQQ,2022-05-02,310.5432
1486,QQQ,2022-05-03,310.8748
1487,QQQ,2022-05-04,321.3862
1488,QQQ,2022-05-05,305.1999
1489,QQQ,2022-05-06,301.5432
1490,QQQ,2022-05-09,289.7448
1491,QQQ,2022-05-10,293.2649
1492,QQQ,2022-05-11,284.5671
1493,QQQ,2022-05-12,283.8944
1494,QQQ,2022-05-13,294.4154
1495,QQQ,2022-05-16,291.0027
1496,QQQ,2022-05-17,298.54
1497,QQQ,2022-05-18,283.8846
1498,QQQ,2022-05-19,282.3634
1499,QQQ,2022-05-20,281.4858
1500,QQQ,2022-05-23,286.1663
1501,QQQ,2022-05-24,280.0818
1502,QQQ,2022-05-25,284.0016
1503,QQQ,2022-05-26,291.8705
1504,QQQ,2022-05-27,301.397
1505,QQQ,2022-05-31,300.5974
1506,QQQ,2022-06-01,298.3743
1507,QQQ,2022-06-02,306.5454
1508,QQQ,2022-06-03,298.5693
1509,QQQ,2022-06-06,299.5639
1510,QQQ,2022-06-07,302.1478
1511,QQQ,2022-06-08,299.9734
1512,QQQ,2022-06-09,291.9387
1513,QQQ,2022-06-10,281.6419
1514,QQQ,2022-06-13,268.5467
1515,QQQ,2022-06-14,269.0341
1516,QQQ,2022-06-15,275.7524
1517,QQQ,2022-06-16,264.6268
1518,QQQ,2022-06-17,267.8445
1519,QQQ,2022-06-21,274.6021
1520,QQQ,2022-06-22,274.2016
1521,QQQ,2022-06-23,278.2852
1522,QQQ,2022-06-24,287.8203
1523,QQQ,2022-06-27,285.7101
1524,QQQ,2022-06-28,277.0055
1525,QQQ,2022-06-29,277.2594
1526,QQQ,2022-06-30,273.8205
1527,QQQ,2022-07-01,275.6279
1528,QQQ,2022-07-05,280.3465
1529,QQQ,2022-07-06,282.1442
1530,QQQ,2022-07-07,288.1817
1531,QQQ,2022-07-08,288.5432
1532,QQQ,2022-07-11,282.3787
1533,QQQ,2022-07-12,279.6432
1534,QQQ,2022-07-13,279.0667
1535,QQQ,2022-07-14,280.0634
1536,QQQ,2022-07-15,285.1435
1537,QQQ,2022-07-18,282.7304
1538,QQQ,2022-07-19,291.4252
1539,QQQ,2022-07-20,296.0462
1540,QQQ,2022-07-21,300.296
1541,QQQ,2022-07-22,295.0302
1542,QQQ,2022-07-25,293.3498
1543,QQQ,2022-07-26,287.5858
1544,QQQ,2022-07-27,299.7391
1545,QQQ,2022-07-28,302.67
1546,QQQ,2022-07-29,308.1898
1547,QQQ,2022-08-01,308.0041
1548,QQQ,2022-08-02,307.0858
1549,QQQ,2022-08-03,315.4486
1550,QQQ,2022-08-04,316.9238
1551,QQQ,2022-08-05,314.3348
1552,QQQ,2022-08-08,313.3188
1553,QQQ,2022-08-09,309.7724
1554,QQQ,2022-08-10,318.4185
1555,QQQ,2022-08-11,316.6111
1556,QQQ,2022-08-12,322.7757
1557,QQQ,2022-08-15,325.3842
1558,QQQ,2022-08-16,324.6221
1559,QQQ,2022-08-17,320.9195
1560,QQQ,2022-08-18,321.6913
1561,QQQ,2022-08-19,315.4192
1562,QQQ,2022-08-22,307.1151
1563,QQQ,2022-08-23,306.8611
1564,QQQ,2022-08-24,307.7501
1565,QQQ,2022-08-25,313.1918
1566,QQQ,2022-08-26,300.3546
1567,QQQ,2022-08-29,297.3944
1568,QQQ,2022-08-30,294.0826
1569,QQQ,2022-08-31,292.3729
1570,QQQ,2022-09-01,292.4999
1571,QQQ,2022-09-02,288.3675
1572,QQQ,2022-09-06,286.2962
1573,QQQ,2022-09-07,292.0798
1574,QQQ,2022-09-08,293.5941
1575,QQQ,2022-09-09,300.0127
1576,QQQ,2022-09-12,303.5786
1577,QQQ,2022-09-13,286.9313
1578,QQQ,2022-09-14,289.2076
1579,QQQ,2022-09-15,284.3913
1580,QQQ,2022-09-16,282.6522
1581,QQQ,2022-09-19,284.8534
1582,QQQ,2022-09-20,282.5827
1583,QQQ,2022-09-21,277.5229
1584,QQQ,2022-09-22,274.1071
1585,QQQ,2022-09-23,269.6442
1586,QQQ,2022-09-26,268.5284
1587,QQQ,2022-09-27,268.636
1588,QQQ,2022-09-28,273.9799
1589,QQQ,2022-09-29,266.0817
1590,QQQ,2022-09-30,261.5698
1591,QQQ,2022-10-03,267.7063
1592,QQQ,2022-10-04,276.1232
1593,QQQ,2022-10-05,275.9764
1594,QQQ,2022-10-06,273.8037
1595,QQQ,2022-10-07,263.3706
1596,QQQ,2022-10-10,260.7379
1597,QQQ,2022-10-11,257.1558
1598,QQQ,2022-10-12,257.0678
1599,QQQ,2022-10-13,263.0966
1600,QQQ,2022-10-14,255.1886
1601,QQQ,2022-10-17,263.6153
1602,QQQ,2022-10-18,265.7
1603,QQQ,2022-10-19,264.7311
1604,QQQ,2022-10-20,263.3804
1605,QQQ,2022-10-21,269.556
1606,QQQ,2022-10-24,272.5217
1607,QQQ,2022-10-25,278.1589
1608,QQQ,2022-10-26,272.0127
1609,QQQ,2022-10-27,267.0604
1610,QQQ,2022-10-28,275.2326
1611,QQQ,2022-10-31,272.0322
1612,QQQ,2022-11-01,269.2527
1613,QQQ,2022-11-02,260.0235
1614,QQQ,2022-11-03,254.944
1615,QQQ,2022-11-04,259.0448
1616,QQQ,2022-11-07,261.8928
1617,QQQ,2022-11-08,263.8013
1618,QQQ,2022-11-09,257.7138
1619,QQQ,2022-11-10,276.73
1620,QQQ,2022-11-11,281.8291
1621,QQQ,2022-11-14,279.3628
1622,QQQ,2022-11-15,283.2287
1623,QQQ,2022-11-16,279.3628
1624,QQQ,2022-11-17,278.7462
1625,QQQ,2022-11-18,278.756
1626,QQQ,2022-11-21,275.8883
1627,QQQ,2022-11-22,279.8619
1628,QQQ,2022-11-23,282.6708
1629,QQQ,2022-11-25,280.8112
1630,QQQ,2022-11-28,276.6909
1631,QQQ,2022-11-29,274.5964
1632,QQQ,2022-11-30,287.1141
1633,QQQ,2022-12-01,287.4665
1634,QQQ,2022-12-02,286.3214
1635,QQQ,2022-12-05,281.5159
1636,QQQ,2022-12-06,275.6827
1637,QQQ,2022-12-07,274.5573
1638,QQQ,2022-12-08,277.8067
1639,QQQ,2022-12-09,276.0352
1640,QQQ,2022-12-12,279.4998
1641,QQQ,2022-12-13,282.5044
1642,QQQ,2022-12-14,280.41
1643,QQQ,2022-12-15,270.9948
1644,QQQ,2022-12-16,268.411
1645,QQQ,2022-12-19,264.6389
1646,QQQ,2022-12-20,264.4328
1647,QQQ,2022-12-21,268.2688
1648,QQQ,2022-12-22,261.7055
1649,QQQ,2022-12-23,262.2941
1650,QQQ,2022-12-27,258.5857
1651,QQQ,2022-12-28,255.1718
1652,QQQ,2022-12-29,261.3915
1653,QQQ,2022-12-30,261.2346
1654,QQQ,2023-01-03,259.4687
1655,QQQ,2023-01-04,260.7048
1656,QQQ,2023-01-05,256.6237
1657,QQQ,2023-01-06,263.7069
1658,QQQ,2023-01-09,265.4139
1659,QQQ,2023-01-10,267.6606
1660,QQQ,2023-01-11,272.291
1661,QQQ,2023-01-12,273.7626
1662,QQQ,2023-01-13,275.6463
1663,QQQ,2023-01-17,276.2054
1664,QQQ,2023-01-18,272.6149
1665,QQQ,2023-01-19,269.9365
1666,QQQ,2023-01-20,277.3239
1667,QQQ,2023-01-23,283.4849
1668,QQQ,2023-01-24,282.906
1669,QQQ,2023-01-25,282.2782
1670,QQQ,2023-01-26,287.7819
1671,QQQ,2023-01-27,290.6465
1672,QQQ,2023-01-30,284.7701
1673,QQQ,2023-01-31,289.0377
1674,QQQ,2023-02-01,295.2183
1675,QQQ,2023-02-02,305.8136
1676,QQQ,2023-02-03,300.3785
1677,QQQ,2023-02-06,297.8377
1678,QQQ,2023-02-07,304.0085
1679,QQQ,2023-02-08,298.6029
1680,QQQ,2023-02-09,295.9638
1681,QQQ,2023-02-10,294.0214
1682,QQQ,2023-02-13,298.7305
1683,QQQ,2023-02-14,300.9378
1684,QQQ,2023-02-15,303.2433
1685,QQQ,2023-02-16,297.5532
1686,QQQ,2023-02-17,295.4537
1687,QQQ,2023-02-21,288.4588
1688,QQQ,2023-02-22,288.6746
1689,QQQ,2023-02-23,291.196
1690,QQQ,2023-02-24,286.3202
1691,QQQ,2023-02-27,288.3705
1692,QQQ,2023-02-28,287.9977
1693,QQQ,2023-03-01,285.6824
1694,QQQ,2023-03-02,288.0468
1695,QQQ,2023-03-03,294.0018
1696,QQQ,2023-03-06,294.3354
1697,QQQ,2023-03-07,290.725
1698,QQQ,2023-03-08,292.177
1699,QQQ,2023-03-09,287.1147
1700,QQQ,2023-03-10,283.0827
1701,QQQ,2023-03-13,285.1821
1702,QQQ,2023-03-14,291.7355
1703,QQQ,2023-03-15,293.266
1704,QQQ,2023-03-16,300.9966
1705,QQQ,2023-03-17,299.5741
1706,QQQ,2023-03-20,300.6373
1707,QQQ,2023-03-21,304.9311
1708,QQQ,2023-03-22,300.7847
1709,QQQ,2023-03-23,304.3513
1710,QQQ,2023-03-24,305.4716
1711,QQQ,2023-03-27,303.3787
1712,QQQ,2023-03-28,301.7673
1713,QQQ,2023-03-29,307.2697
1714,QQQ,2023-03-30,310.178
1715,QQQ,2023-03-31,315.3366
1716,QQQ,2023-04-03,314.5701
1717,QQQ,2023-04-04,313.509
1718,QQQ,2023-04-05,310.4139
1719,QQQ,2023-04-06,312.5067
1720,QQQ,2023-04-10,312.3299
1721,QQQ,2023-04-11,310.3255
1722,QQQ,2023-04-12,307.5841
1723,QQQ,2023-04-13,313.6072
1724,QQQ,2023-04-14,313.0177
1725,QQQ,2023-04-17,313.283
1726,QQQ,2023-04-18,313.3026
1727,QQQ,2023-04-19,313.1553
1728,QQQ,2023-04-20,310.7676
1729,QQQ,2023-04-21,311.0918
1730,QQQ,2023-04-24,310.4433
1731,QQQ,2023-04-25,304.5872
1732,QQQ,2023-04-26,306.4344
1733,QQQ,2023-04-27,314.7667
1734,QQQ,2023-04-28,316.9381
1735,QQQ,2023-05-01,316.5746
1736,QQQ,2023-05-02,313.8136
1737,QQQ,2023-05-03,311.76
1738,QQQ,2023-05-04,310.6595
1739,QQQ,2023-05-05,317.2625
1740,QQQ,2023-05-08,318.0484
1741,QQQ,2023-05-09,316.0342
1742,QQQ,2023-05-10,319.4732
1743,QQQ,2023-05-11,320.5147
1744,QQQ,2023-05-12,319.3651
1745,QQQ,2023-05-15,321.0945
1746,QQQ,2023-05-16,321.458
1747,QQQ,2023-05-17,325.349
1748,QQQ,2023-05-18,331.3917
1749,QQQ,2023-05-19,330.645
1750,QQQ,2023-05-22,331.7553
1751,QQQ,2023-05-23,327.55
1752,QQQ,2023-05-24,325.8697
1753,QQQ,2023-05-25,333.7991
1754,QQQ,2023-05-26,342.3278
1755,QQQ,2023-05-30,343.8803
1756,QQQ,2023-05-31,341.9249
1757,QQQ,2023-06-01,345.8748
1758,QQQ,2023-06-02,348.4689
1759,QQQ,2023-06-05,348.7144
1760,QQQ,2023-06-06,348.6555
1761,QQQ,2023-06-07,342.7404
1762,QQQ,2023-06-08,346.995
1763,QQQ,2023-06-09,348.3215
1764,QQQ,2023-06-12,354.207
1765,QQQ,2023-06-13,356.9288
1766,QQQ,2023-06-14,359.5228
1767,QQQ,2023-06-15,363.8068
1768,QQQ,2023-06-16,361.5174
1769,QQQ,2023-06-20,360.9999
1770,QQQ,2023-06-21,356.0803
1771,QQQ,2023-06-22,360.2816
1772,QQQ,2023-06-23,356.71
1773,QQQ,2023-06-26,351.9281
1774,QQQ,2023-06-27,357.9792
1775,QQQ,2023-06-28,358.6778
1776,QQQ,2023-06-29,357.9595
1777,QQQ,2023-06-30,363.4794
1778,QQQ,2023-07-03,364.3354
1779,QQQ,2023-07-05,364.3255
1780,QQQ,2023-07-06,361.5509
1781,QQQ,2023-07-07,360.3505
1782,QQQ,2023-07-10,360.4686
1783,QQQ,2023-07-11,362.2494
1784,QQQ,2023-07-12,366.8246
1785,QQQ,2023-07-13,373.0528
1786,QQQ,2023-07-14,372.9742
1787,QQQ,2023-07-17,376.4572
1788,QQQ,2023-07-18,379.5369
1789,QQQ,2023-07-19,379.4483
1790,QQQ,2023-07-20,370.7013
1791,QQQ,2023-07-21,369.5894
1792,QQQ,2023-07-24,370.1798
1793,QQQ,2023-07-25,372.6888
1794,QQQ,2023-07-26,371.4491
1795,QQQ,2023-07-27,370.5635
1796,QQQ,2023-07-28,377.3132
1797,QQQ,2023-07-31,377.51
1798,QQQ,2023-08-01,376.6344
1799,QQQ,2023-08-02,368.3694
1800,QQQ,2023-08-03,367.7791
1801,QQQ,2023-08-04,366.0572
1802,QQQ,2023-08-07,369.1566
1803,QQQ,2023-08-08,366.0179
1804,QQQ,2023-08-09,361.9936
1805,QQQ,2023-08-10,362.6627
1806,QQQ,2023-08-11,360.3505
1807,QQQ,2023-08-14,364.3943
1808,QQQ,2023-08-15,360.5276
1809,QQQ,2023-08-16,356.71
1810,QQQ,2023-08-17,352.8136
1811,QQQ,2023-08-18,352.3709
1812,QQQ,2023-08-21,358.0481
1813,QQQ,2023-08-22,357.5365
1814,QQQ,2023-08-23,363.1743
1815,QQQ,2023-08-24,355.4112
1816,QQQ,2023-08-25,358.1662
1817,QQQ,2023-08-28,360.8621
1818,QQQ,2023-08-29,368.7433
1819,QQQ,2023-08-30,370.7997
1820,QQQ,2023-08-31,371.9115
1821,QQQ,2023-09-01,371.518
1822,QQQ,2023-09-05,371.9902
1823,QQQ,2023-09-06,368.7138
1824,QQQ,2023-09-07,366.0769
1825,QQQ,2023-09-08,366.5885
1826,QQQ,2023-09-11,370.9079
1827,QQQ,2023-09-12,366.7951
1828,QQQ,2023-09-13,368.1923
1829,QQQ,2023-09-14,371.2031
1830,QQQ,2023-09-15,364.847
1831,QQQ,2023-09-18,365.2273
1832,QQQ,2023-09-19,364.4489
1833,QQQ,2023-09-20,359.197
1834,QQQ,2023-09-21,352.615
1835,QQQ,2023-09-22,352.6642
1836,QQQ,2023-09-25,354.3393
1837,QQQ,2023-09-26,349.0184
1838,QQQ,2023-09-27,349.8363
1839,QQQ,2023-09-28,352.7628
1840,QQQ,2023-09-29,353.0189
1841,QQQ,2023-10-02,355.9651
1842,QQQ,2023-10-03,349.718
1843,QQQ,2023-10-04,354.4772
1844,QQQ,2023-10-05,353.4327
1845,QQQ,2023-10-06,359.3547
1846,QQQ,2023-10-09,361.1874
1847,QQQ,2023-10-10,363.1877
1848,QQQ,2023-10-11,365.7791
1849,QQQ,2023-10-12,364.508
1850,QQQ,2023-10-13,359.9261
1851,QQQ,2023-10-16,363.9957
1852,QQQ,2023-10-17,362.8034
1853,QQQ,2023-10-18,358.0442
1854,QQQ,2023-10-19,354.694
1855,QQQ,2023-10-20,349.4027
1856,QQQ,2023-10-23,350.4571
1857,QQQ,2023-10-24,353.8663
1858,QQQ,2023-10-25,345.2052
1859,QQQ,2023-10-26,338.6231
1860,QQQ,2023-10-27,340.2489
1861,QQQ,2023-10-30,344.0818
1862,QQQ,2023-10-31,345.7274
1863,QQQ,2023-11-01,351.7282
1864,QQQ,2023-11-02,358.1131
1865,QQQ,2023-11-03,362.3206
1866,QQQ,2023-11-06,363.7986
1867,QQQ,2023-11-07,367.2375
1868,QQQ,2023-11-08,367.4739
1869,QQQ,2023-11-09,364.646
1870,QQQ,2023-11-10,372.844
1871,QQQ,2023-11-13,371.6813
1872,QQQ,2023-11-14,379.6823
1873,QQQ,2023-11-15,379.9681
1874,QQQ,2023-11-16,380.2932
1875,QQQ,2023-11-17,380.3819
1876,QQQ,2023-11-20,385.0131
1877,QQQ,2023-11-21,382.7763
1878,QQQ,2023-11-22,384.343
1879,QQQ,2023-11-24,383.8011
1880,QQQ,2023-11-27,383.466
1881,QQQ,2023-11-28,384.4711
1882,QQQ,2023-11-29,384.0966
1883,QQQ,2023-11-30,383.131
1884,QQQ,2023-12-01,384.2247
1885,QQQ,2023-12-04,380.6578
1886,QQQ,2023-12-05,381.6136
1887,QQQ,2023-12-06,379.4064
1888,QQQ,2023-12-07,384.7076
1889,QQQ,2023-12-08,386.4221
1890,QQQ,2023-12-11,389.7229
1891,QQQ,2023-12-12,392.8268
1892,QQQ,2023-12-13,397.8224
1893,QQQ,2023-12-14,397.4776
1894,QQQ,2023-12-15,399.399
1895,QQQ,2023-12-18,401.9147
1896,QQQ,2023-12-19,403.9684
1897,QQQ,2023-12-20,397.9654
1898,QQQ,2023-12-21,402.596
1899,QQQ,2023-12-22,403.1982
1900,QQQ,2023-12-26,405.6665
1901,QQQ,2023-12-27,406.4923
1902,QQQ,2023-12-28,406.2947
1903,QQQ,2023-12-29,404.5364
1904,QQQ,2024-01-02,397.6908
1905,QQQ,2024-01-03,393.4826
1906,QQQ,2024-01-04,391.4576
1907,QQQ,2024-01-05,391.9218
1908,QQQ,2024-01-08,400.022
1909,QQQ,2024-01-09,400.8123
1910,QQQ,2024-01-10,403.5288
1911,QQQ,2024-01-11,404.3685
1912,QQQ,2024-01-12,404.5759
1913,QQQ,2024-01-16,404.5364
1914,QQQ,2024-01-17,402.2545
1915,QQQ,2024-01-18,407.9642
1916,QQQ,2024-01-19,416.0545
1917,QQQ,2024-01-22,416.5978
1918,QQQ,2024-01-23,418.3266
1919,QQQ,2024-01-24,420.6479
1920,QQQ,2024-01-25,421.1616
1921,QQQ,2024-01-26,418.6525
1922,QQQ,2024-01-29,422.9397
1923,QQQ,2024-01-30,420.1244
1924,QQQ,2024-01-31,411.8957
1925,QQQ,2024-02-01,416.746
1926,QQQ,2024-02-02,423.7892
1927,QQQ,2024-02-05,423.2361
1928,QQQ,2024-02-06,422.3865
1929,QQQ,2024-02-07,426.733
1930,QQQ,2024-02-08,427.5233
1931,QQQ,2024-02-09,431.7314
1932,QQQ,2024-02-12,430.0422
1933,QQQ,2024-02-13,423.3348
1934,QQQ,2024-02-14,427.948
1935,QQQ,2024-02-15,429.2224
1936,QQQ,2024-02-16,425.3303
1937,QQQ,2024-02-20,422.1198
1938,QQQ,2024-02-21,420.4306
1939,QQQ,2024-02-22,432.739
1940,QQQ,2024-02-23,431.4647
1941,QQQ,2024-02-26,431.2374
1942,QQQ,2024-02-27,432.2747
1943,QQQ,2024-02-28,429.973
1944,QQQ,2024-02-29,433.6576
1945,QQQ,2024-03-01,440.1872
1946,QQQ,2024-03-04,438.6165
1947,QQQ,2024-03-05,430.7436
1948,QQQ,2024-03-06,433.4502
1949,QQQ,2024-03-07,440.0292
1950,QQQ,2024-03-08,433.6774
1951,QQQ,2024-03-11,432.0673
1952,QQQ,2024-03-12,438.261
1953,QQQ,2024-03-13,434.8925
1954,QQQ,2024-03-14,433.796
1955,QQQ,2024-03-15,428.6394
1956,QQQ,2024-03-18,432.7276
1957,QQQ,2024-03-19,433.8058
1958,QQQ,2024-03-20,438.9492
1959,QQQ,2024-03-21,441.0265
1960,QQQ,2024-03-22,441.5309
1961,QQQ,2024-03-25,439.9286
1962,QQQ,2024-03-26,438.5041
1963,QQQ,2024-03-27,439.9978
1964,QQQ,2024-03-28,439.1867
1965,QQQ,2024-04-01,440.1165
1966,QQQ,2024-04-02,436.3181
1967,QQQ,2024-04-03,437.2974
1968,QQQ,2024-04-04,430.6108
1969,QQQ,2024-04-05,435.6851
1970,QQQ,2024-04-08,435.8137
1971,QQQ,2024-04-09,437.426
1972,QQQ,2024-04-10,433.6079
1973,QQQ,2024-04-11,440.5319
1974,QQQ,2024-04-12,433.509
1975,QQQ,2024-04-15,426.3773
1976,QQQ,2024-04-16,426.4169
1977,QQQ,2024-04-17,421.214
1978,QQQ,2024-04-18,418.8105
1979,QQQ,2024-04-19,410.1456
1980,QQQ,2024-04-22,414.2703
1981,QQQ,2024-04-23,420.4524
1982,QQQ,2024-04-24,421.8768
1983,QQQ,2024-04-25,419.8391
1984,QQQ,2024-04-26,426.318
1985,QQQ,2024-04-29,428.049
1986,QQQ,2024-04-30,419.9776
1987,QQQ,2024-05-01,416.941
1988,QQQ,2024-05-02,422.2625
1989,QQQ,2024-05-03,430.7493
1990,QQQ,2024-05-06,435.4676
1991,QQQ,2024-05-07,435.5368
1992,QQQ,2024-05-08,435.2796
1993,QQQ,2024-05-09,436.2291
1994,QQQ,2024-05-10,437.2578
1995,QQQ,2024-05-13,438.2668
1996,QQQ,2024-05-14,441.0858
1997,QQQ,2024-05-15,447.9801
1998,QQQ,2024-05-16,447.0701
1999,QQQ,2024-05-17,446.8524
2000,QQQ,2024-05-20,449.9683
2001,QQQ,2024-05-21,450.8485
2002,QQQ,2024-05-22,450.7596
2003,QQQ,2024-05-23,448.7318
2004,QQQ,2024-05-24,452.9753
2005,QQQ,2024-05-28,454.6864
2006,QQQ,2024-05-29,451.4816
2007,QQQ,2024-05-30,446.6447
2008,QQQ,2024-05-31,445.8138
2009,QQQ,2024-06-03,448.2076
2010,QQQ,2024-06-04,449.4341
2011,QQQ,2024-06-05,458.4946
2012,QQQ,2024-06-06,458.3363
2013,QQQ,2024-06-07,457.9308
2014,QQQ,2024-06-10,459.7805
2015,QQQ,2024-06-11,462.9358
2016,QQQ,2024-06-12,468.9993
2017,QQQ,2024-06-13,471.5413
2018,QQQ,2024-06-14,473.9845
2019,QQQ,2024-06-17,479.7907
2020,QQQ,2024-06-18,479.9391
2021,QQQ,2024-06-20,476.2397
2022,QQQ,2024-06-21,474.9637
2023,QQQ,2024-06-24,469.5565
2024,QQQ,2024-06-25,474.9261
2025,QQQ,2024-06-26,475.9069
2026,QQQ,2024-06-27,477.1353
2027,QQQ,2024-06-28,474.6586
2028,QQQ,2024-07-01,477.4425
2029,QQQ,2024-07-02,482.4555
2030,QQQ,2024-07-03,486.4778
2031,QQQ,2024-07-05,491.5502
2032,QQQ,2024-07-08,492.7192
2033,QQQ,2024-07-09,493.1452
2034,QQQ,2024-07-10,498.287
2035,QQQ,2024-07-11,487.3595
2036,QQQ,2024-07-12,490.2227
2037,QQQ,2024-07-15,491.5403
2038,QQQ,2024-07-16,491.7285
2039,QQQ,2024-07-17,477.2939
2040,QQQ,2024-07-18,475.0351
2041,QQQ,2024-07-19,470.8246
2042,QQQ,2024-07-22,477.8388
2043,QQQ,2024-07-23,476.1546
2044,QQQ,2024-07-24,459.0748
2045,QQQ,2024-07-25,454.0122
2046,QQQ,2024-07-26,458.6685
2047,QQQ,2024-07-29,459.5899
2048,QQQ,2024-07-30,453.2791
2049,QQQ,2024-07-31,466.6933
2050,QQQ,2024-08-01,455.3893
2051,QQQ,2024-08-02,444.5807
2052,QQQ,2024-08-05,431.325
2053,QQQ,2024-08-06,435.4464
2054,QQQ,2024-08-07,430.7306
2055,QQQ,2024-08-08,443.907
2056,QQQ,2024-08-09,446.2253
2057,QQQ,2024-08-12,447.1863
2058,QQQ,2024-08-13,458.2822
2059,QQQ,2024-08-14,458.4308
2060,QQQ,2024-08-15,470.0122
2061,QQQ,2024-08-16,470.6165
2062,QQQ,2024-08-19,476.7986
2063,QQQ,2024-08-20,475.7979
2064,QQQ,2024-08-21,478.0171
2065,QQQ,2024-08-22,470.4382
2066,QQQ,2024-08-23,475.5403
2067,QQQ,2024-08-26,470.9236
2068,QQQ,2024-08-27,472.3305
2069,QQQ,2024-08-28,466.9707
2070,QQQ,2024-08-29,466.2871
2071,QQQ,2024-08-30,471.845
2072,QQQ,2024-09-03,457.5193
2073,QQQ,2024-09-04,456.3305
2074,QQQ,2024-09-05,456.7565
2075,QQQ,2024-09-06,444.5213
2076,QQQ,2024-09-09,450.2376
2077,QQQ,2024-09-10,454.3987
2078,QQQ,2024-09-11,464.2661
2079,QQQ,2024-09-12,468.8233
2080,QQQ,2024-09-13,470.9236
2081,QQQ,2024-09-16,468.8431
2082,QQQ,2024-09-17,469.0908
2083,QQQ,2024-09-18,467.0599
2084,QQQ,2024-09-19,478.8691
2085,QQQ,2024-09-20,477.9577
2086,QQQ,2024-09-23,479.2246
2087,QQQ,2024-09-24,481.5362
2088,QQQ,2024-09-25,481.9826
2089,QQQ,2024-09-26,485.6038
2090,QQQ,2024-09-27,482.9053
2091,QQQ,2024-09-30,484.2149
2092,QQQ,2024-10-01,477.4685
2093,QQQ,2024-10-02,478.1432
2094,QQQ,2024-10-03,477.786
2095,QQQ,2024-10-04,483.4707
2096,QQQ,2024-10-07,478.292
2097,QQQ,2024-10-08,485.4352
2098,QQQ,2024-10-09,489.2547
2099,QQQ,2024-10-10,488.6992
2100,QQQ,2024-10-11,489.463
2101,QQQ,2024-10-14,493.5703
2102,QQQ,2024-10-15,486.9729
2103,QQQ,2024-10-16,487.0324
2104,QQQ,2024-10-17,487.3697
2105,QQQ,2024-10-18,490.5643
2106,QQQ,2024-10-21,491.5068
2107,QQQ,2024-10-22,492.0425
2108,QQQ,2024-10-23,484.5025
2109,QQQ,2024-10-24,488.4313
2110,QQQ,2024-10-25,491.4076
2111,QQQ,2024-10-28,491.4869
2112,QQQ,2024-10-29,496.2094
2113,QQQ,2024-10-30,492.4592
2114,QQQ,2024-10-31,480.0282
2115,QQQ,2024-11-01,483.5799
2116,QQQ,2024-11-04,482.1711
2117,QQQ,2024-11-05,488.3222
2118,QQQ,2024-11-06,501.5865
2119,QQQ,2024-11-07,509.4836
2120,QQQ,2024-11-08,510.079
2121,QQQ,2024-11-11,509.7813
2122,QQQ,2024-11-12,508.8586
2123,QQQ,2024-11-13,508.2039
2124,QQQ,2024-11-14,504.672
2125,QQQ,2024-11-15,492.6477
2126,QQQ,2024-11-18,496.0705
2127,QQQ,2024-11-19,499.4833
2128,QQQ,2024-11-20,499.1956
2129,QQQ,2024-11-21,500.9913
2130,QQQ,2024-11-22,501.7949
2131,QQQ,2024-11-25,502.5886
2132,QQQ,2024-11-26,505.287
2133,QQQ,2024-11-27,501.3087
2134,QQQ,2024-11-29,505.7137
2135,QQQ,2024-12-02,511.2198
2136,QQQ,2024-12-03,512.7874
2137,QQQ,2024-12-04,519.1269
2138,QQQ,2024-12-05,517.6884
2139,QQQ,2024-12-06,522.3215
2140,QQQ,2024-12-09,518.2538
2141,QQQ,2024-12-10,516.4879
2142,QQQ,2024-12-11,525.7342
2143,QQQ,2024-12-12,522.3413
2144,QQQ,2024-12-13,526.3395
2145,QQQ,2024-12-16,533.9191
2146,QQQ,2024-12-17,531.5679
2147,QQQ,2024-12-18,512.3905
2148,QQQ,2024-12-19,510.1087
2149,QQQ,2024-12-20,514.5632
2150,QQQ,2024-12-23,519.5764
2151,QQQ,2024-12-24,526.6218
2152,QQQ,2024-12-26,526.264
2153,QQQ,2024-12-27,519.2684
2154,QQQ,2024-12-30,512.3622
2155,QQQ,2024-12-31,508.0098
2156,QQQ,2025-01-02,507.0161
2157,QQQ,2025-01-03,515.3135
2158,QQQ,2025-01-06,521.2358
2159,QQQ,2025-01-07,511.9348
2160,QQQ,2025-01-08,512.0244
2161,QQQ,2025-01-10,503.9952
2162,QQQ,2025-01-13,502.3755
2163,QQQ,2025-01-14,501.8985
2164,QQQ,2025-01-15,513.4453
2165,QQQ,2025-01-16,509.8481
2166,QQQ,2025-01-17,518.4536
2167,QQQ,2025-01-21,521.4943
2168,QQQ,2025-01-22,528.162
2169,QQQ,2025-01-23,529.2849
2170,QQQ,2025-01-24,526.2938
2171,QQQ,2025-01-27,510.971
2172,QQQ,2025-01-28,518.5232
2173,QQQ,2025-01-29,517.5493
2174,QQQ,2025-01-30,519.7553
2175,QQQ,2025-01-31,519.0001
2176,QQQ,2025-02-03,514.8464
2177,QQQ,2025-02-04,521.1664
2178,QQQ,2025-02-05,523.5314
2179,QQQ,2025-02-06,526.264
2180,QQQ,2025-02-07,519.6261
2181,QQQ,2025-02-10,525.9162
2182,QQQ,2025-02-11,524.6642
2183,QQQ,2025-02-12,524.9723
2184,QQQ,2025-02-13,532.5244
2185,QQQ,2025-02-14,534.7603
2186,QQQ,2025-02-18,535.9725
2187,QQQ,2025-02-19,536.1216
2188,QQQ,2025-02-20,533.8459
2189,QQQ,2025-02-21,522.7662
2190,QQQ,2025-02-24,516.5953
2191,QQQ,2025-02-25,510.0866
2192,QQQ,2025-02-26,511.3187
2193,QQQ,2025-02-27,497.1188
2194,QQQ,2025-02-28,504.9691
2195,QQQ,2025-03-03,493.9191
2196,QQQ,2025-03-04,492.4285
2197,QQQ,2025-03-05,498.8478
2198,QQQ,2025-03-06,485.1248
2199,QQQ,2025-03-07,488.6922
2200,QQQ,2025-03-10,469.7523
2201,QQQ,2025-03-11,468.6294
2202,QQQ,2025-03-12,473.9159
2203,QQQ,2025-03-13,465.3899
2204,QQQ,2025-03-14,476.6386
2205,QQQ,2025-03-17,479.729
2206,QQQ,2025-03-18,471.5509
2207,QQQ,2025-03-19,477.8609
2208,QQQ,2025-03-20,476.2412
2209,QQQ,2025-03-21,477.8112
2210,QQQ,2025-03-24,488.2964
2211,QQQ,2025-03-25,491.0829
2212,QQQ,2025-03-26,482.0467
2213,QQQ,2025-03-27,479.3
2214,QQQ,2025-03-28,466.6811
2215,QQQ,2025-03-31,466.6612
2216,QQQ,2025-04-01,470.423
2217,QQQ,2025-04-02,473.8563
2218,QQQ,2025-04-03,448.4891
2219,QQQ,2025-04-04,420.6339
2220,QQQ,2025-04-07,421.649
2221,QQQ,2025-04-08,414.0558
2222,QQQ,2025-04-09,463.7552
2223,QQQ,2025-04-10,444.0307
2224,QQQ,2025-04-11,452.2111
2225,QQQ,2025-04-14,455.2763
2226,QQQ,2025-04-15,455.7838
2227,QQQ,2025-04-16,442.0403
2228,QQQ,2025-04-17,441.9607
2229,QQQ,2025-04-21,431.0237
2230,QQQ,2025-04-22,442.3389
2231,QQQ,2025-04-23,452.3704
2232,QQQ,2025-04-24,465.0988
2233,QQQ,2025-04-25,470.2836
2234,QQQ,2025-04-28,470.1344
2235,QQQ,2025-04-29,473.2393
2236,QQQ,2025-04-30,473.1796
2237,QQQ,2025-05-01,479.3597
2238,QQQ,2025-05-02,486.4752
2239,QQQ,2025-05-05,483.5892
2240,QQQ,2025-05-06,479.091
2241,QQQ,2025-05-07,480.9719
2242,QQQ,2025-05-08,485.9379
2243,QQQ,2025-05-09,485.6194
2244,QQQ,2025-05-12,505.4036
2245,QQQ,2025-05-13,513.1063
2246,QQQ,2025-05-14,516.1815
2247,QQQ,2025-05-15,516.7487
2248,QQQ,2025-05-16,518.9979
2249,QQQ,2025-05-19,519.4954
2250,QQQ,2025-05-20,517.7639
2251,QQQ,2025-05-21,510.5687
2252,QQQ,2025-05-22,511.5241
2253,QQQ,2025-05-23,506.7869
2254,QQQ,2025-05-27,518.7092
2255,QQQ,2025-05-28,516.4103
2256,QQQ,2025-05-29,517.4254
2257,QQQ,2025-05-30,516.6094
2258,QQQ,2025-06-02,520.6897
2259,QQQ,2025-06-03,524.7599
2260,QQQ,2025-06-04,526.2229
2261,QQQ,2025-06-05,522.262
2262,QQQ,2025-06-06,527.3672
2263,QQQ,2025-06-09,528.1436
2264,QQQ,2025-06-10,531.6367
2265,QQQ,2025-06-11,529.8453
2266,QQQ,2025-06-12,531.0893
2267,QQQ,2025-06-13,524.4216
2268,QQQ,2025-06-16,531.7162
2269,QQQ,2025-06-17,526.5314
2270,QQQ,2025-06-18,526.4417
2271,QQQ,2025-06-20,524.2922
2272,QQQ,2025-06-23,529.6832
2273,QQQ,2025-06-24,537.7832
2274,QQQ,2025-06-25,539.158
2275,QQQ,2025-06-26,544.1993
2276,QQQ,2025-06-27,546.0624
2277,QQQ,2025-06-30,549.5992
2278,QQQ,2025-07-01,544.9664
2279,QQQ,2025-07-02,548.7623
2280,QQQ,2025-07-03,554.1623
2281,QQQ,2025-07-07,549.9879
2282,QQQ,2025-07-08,550.2967
2283,QQQ,2025-07-09,554.1922
2284,QQQ,2025-07-10,553.3952
2285,QQQ,2025-07-11,552.1498
2286,QQQ,2025-07-14,554.1524
2287,QQQ,2025-07-15,554.6604
2288,QQQ,2025-07-16,555.2283
2289,QQQ,2025-07-17,559.7216
2290,QQQ,2025-07-18,559.1837
2291,QQQ,2025-07-21,562.0829
2292,QQQ,2025-07-22,559.1737
2293,QQQ,2025-07-23,561.7242
2294,QQQ,2025-07-24,562.9197
2295,QQQ,2025-07-25,564.2747
2296,QQQ,2025-07-28,566.0383
2297,QQQ,2025-07-29,565.1615
2298,QQQ,2025-07-30,565.9186
2299,QQQ,2025-07-31,562.9197
2300,QQQ,2025-08-01,551.831
2301,QQQ,2025-08-04,562.0131
2302,QQQ,2025-08-05,558.1973
2303,QQQ,2025-08-06,565.2213
2304,QQQ,2025-08-07,567.1341
2305,QQQ,2025-08-08,572.4245
2306,QQQ,2025-08-11,570.7307
2307,QQQ,2025-08-12,577.9041
2308,QQQ,2025-08-13,578.1931
2309,QQQ,2025-08-14,577.7448
2310,QQQ,2025-08-15,575.2042
2311,QQQ,2025-08-18,574.975
2312,QQQ,2025-08-19,567.174
2313,QQQ,2025-08-20,563.8065
2314,QQQ,2025-08-21,561.1962
2315,QQQ,2025-08-22,569.854
2316,QQQ,2025-08-25,568.2102
2317,QQQ,2025-08-26,570.4916
2318,QQQ,2025-08-27,571.3684
2319,QQQ,2025-08-28,574.9451
2320,QQQ,2025-08-29,568.2899
2321,QQQ,2025-09-02,563.5276
2322,QQQ,2025-09-03,567.9611
2323,QQQ,2025-09-04,573.1019
2324,QQQ,2025-09-05,573.9289
2325,QQQ,2025-09-08,576.7285
2326,QQQ,2025-09-09,578.3624
2327,QQQ,2025-09-10,578.5518
2328,QQQ,2025-09-11,581.9193
2329,QQQ,2025-09-12,584.4897
2330,QQQ,2025-09-15,589.4911
2331,QQQ,2025-09-16,588.9929
2332,QQQ,2025-09-17,587.8173
2333,QQQ,2025-09-18,593.1177
2334,QQQ,2025-09-19,597.1327
2335,QQQ,2025-09-22,600.6677
2336,QQQ,2025-09-23,596.6779
2337,QQQ,2025-09-24,594.5833
2338,QQQ,2025-09-25,592.0198
2339,QQQ,2025-09-26,594.4536
2340,QQQ,2025-09-29,597.2065
2341,QQQ,2025-09-30,598.8424
2342,QQQ,2025-10-01,601.715
2343,QQQ,2025-10-02,604.1887
2344,QQQ,2025-10-03,601.6453
2345,QQQ,2025-10-06,606.1637
2346,QQQ,2025-10-07,602.9719
2347,QQQ,2025-10-08,609.8842
2348,QQQ,2025-10-09,609.1461
2349,QQQ,2025-10-10,588.0001
2350,QQQ,2025-10-13,600.4782
2351,QQQ,2025-10-14,596.4785
2352,QQQ,2025-10-15,600.6877
2353,QQQ,2025-10-16,598.4634
2354,QQQ,2025-10-17,602.3933
2355,QQQ,2025-10-20,609.9839
2356,QQQ,2025-10-21,609.8244
2357,QQQ,2025-10-22,603.9493
2358,QQQ,2025-10-23,609.0264
2359,QQQ,2025-10-24,615.5298
2360,QQQ,2025-10-27,626.4919
2361,QQQ,2025-10-28,631.3096
2362,QQQ,2025-10-29,634.1523
2363,QQQ,2025-10-30,624.457
2364,QQQ,2025-10-31,627.4694
2365,QQQ,2025-11-03,630.4717
2366,QQQ,2025-11-04,617.6743
2367,QQQ,2025-11-05,621.6942
2368,QQQ,2025-11-06,610.1136
2369,QQQ,2025-11-07,608.1885
2370,QQQ,2025-11-10,621.6442
2371,QQQ,2025-11-11,619.9885
2372,QQQ,2025-11-12,619.4997
2373,QQQ,2025-11-13,606.852
2374,QQQ,2025-11-14,607.3108
2375,QQQ,2025-11-17,602.124
2376,QQQ,2025-11-18,594.7927
2377,QQQ,2025-11-19,598.3436
2378,QQQ,2025-11-20,584.1797
2379,QQQ,2025-11-21,588.5686
2380,QQQ,2025-11-24,603.6202
2381,QQQ,2025-11-25,607.3408
2382,QQQ,2025-11-26,612.707
2383,QQQ,2025-11-28,617.6743
2384,QQQ,2025-12-01,615.5996
2385,QQQ,2025-12-02,620.4173
2386,QQQ,2025-12-03,621.9335
2387,QQQ,2025-12-04,621.355
2388,QQQ,2025-12-05,623.8885
2389,QQQ,2025-12-08,622.6915
2390,QQQ,2025-12-09,623.4595
2391,QQQ,2025-12-10,626.0131
2392,QQQ,2025-12-11,623.9883
2393,QQQ,2025-12-12,612.0587
2394,QQQ,2025-12-15,608.9865
2395,QQQ,2025-12-16,610.1934
2396,QQQ,2025-12-17,598.8823
2397,QQQ,2025-12-18,607.5601
2398,QQQ,2025-12-19,615.48
2399,QQQ,2025-12-22,618.4302
2400,QQQ,2025-12-23,621.3265
2401,QQQ,2025-12-24,623.1443
2402,QQQ,2025-12-26,623.1043
2403,QQQ,2025-12-29,620.0881
2404,QQQ,2025-12-30,618.6499
2405,QQQ,2025-12-31,613.5364
2406,QQQ,2026-01-02,612.3479
2407,QQQ,2026-01-05,617.2117
2408,QQQ,2026-01-06,622.6349
2409,QQQ,2026-01-07,623.2342
2410,QQQ,2026-01-08,619.6886
2411,QQQ,2026-01-09,625.8608
2412,QQQ,2026-01-12,626.3802
2413,QQQ,2026-01-13,625.4514
2414,QQQ,2026-01-14,618.7698
2415,QQQ,2026-01-15,620.997
2416,QQQ,2026-01-16,620.4777
2417,QQQ,2026-01-20,607.2943
2418,QQQ,2026-01-21,615.5039
2419,QQQ,2026-01-22,619.9783
2420,QQQ,2026-01-23,621.9358
2421,QQQ,2026-01-26,624.6724
2422,QQQ,2026-01-27,630.3352
2423,QQQ,2026-01-28,632.4225
2424,QQQ,2026-01-29,628.6373
2425,QQQ,2026-01-30,621.0869
2426,QQQ,2026-02-02,625.3515
2427,QQQ,2026-02-03,615.7436
2428,QQQ,2026-02-04,604.9872
2429,QQQ,2026-02-05,596.2782
2430,QQQ,2026-02-06,608.8823
2431,QQQ,2026-02-09,613.5464
2432,QQQ,2026-02-10,610.7
2433,QQQ,2026-02-11,612.3379
2434,QQQ,2026-02-12,599.8836
2435,QQQ,2026-02-13,601.162
2436,QQQ,2026-02-17,600.5427
2437,QQQ,2026-02-18,605.0271
2438,QQQ,2026-02-19,602.71
2439,QQQ,2026-02-20,608.0433
2440,QQQ,2026-02-23,600.6526
2441,QQQ,2026-02-24,607.1045
2442,QQQ,2026-02-25,615.9034
2443,QQQ,2026-02-26,608.4728
2444,QQQ,2026-02-27,606.5252
2445,QQQ,2026-03-02,607.3242
2446,QQQ,2026-03-03,600.8224
2447,QQQ,2026-03-04,609.9809
2448,QQQ,2026-03-05,608.1431
2449,QQQ,2026-03-06,598.9947
2450,QQQ,2026-03-09,606.9946
2451,QQQ,2026-03-10,607.0046
2452,QQQ,2026-03-11,606.9247
2453,QQQ,2026-03-12,596.5079
2454,QQQ,2026-03-13,592.9723
2455,QQQ,2026-03-16,599.6239
2456,QQQ,2026-03-17,602.5502
2457,QQQ,2026-03-18,594.1509
2458,QQQ,2026-03-19,592.2732
2459,QQQ,2026-03-20,581.327
2460,QQQ,2026-03-23,588.0
2461,QQQ,2026-03-24,583.98
2462,QQQ,2026-03-25,587.82
2463,QQQ,2026-03-26,573.79
2464,QQQ,2026-03-27,562.58
2465,QQQ,2026-03-30,558.28
2466,QQQ,2026-03-31,577.18
2467,QQQ,2026-04-01,584.31
2468,QQQ,2026-04-02,584.98
2469,QQQ,2026-04-06,588.5
2470,QQQ,2026-04-07,588.59
2471,QQQ,2026-04-08,606.09
2472,QQQ,2026-04-09,610.19
2473,QQQ,2026-04-10,611.07
2474,QQQ,2026-04-13,617.39
2475,QQQ,2026-04-14,628.6
2476,QQQ,2026-04-15,637.4
2477,QQQ,2026-04-16,640.47
2478,QQQ,2026-04-17,648.85
2479,QQQ,2026-04-20,646.79
2480,QQQ,2026-04-21,644.33
2481,QQQ,2026-04-22,655.11
2482,QQQ,2026-04-23,651.42
2483,QQQ,2026-04-24,663.88
2484,QQQ,2026-04-27,664.23
2485,QQQ,2026-04-28,657.55
2486,QQQ,2026-04-29,661.57
2487,QQQ,2026-04-30,667.74
2488,QQQ,2026-05-01,674.15
2489,QQQ,2026-05-04,672.88
2490,QQQ,2026-05-05,681.61
2491,QQQ,2026-05-06,695.77
2492,QQQ,2026-05-07,694.94
2493,QQQ,2026-05-08,711.23
2494,QQQ,2026-05-11,713.29
2495,QQQ,2026-05-12,707.24
2496,QQQ,2026-05-13,714.71
2497,QQQ,2026-05-14,719.79
2498,QQQ,2026-05-15,708.93
2499,QQQ,2026-05-18,705.88
2500,QQQ,2026-05-19,701.53
2501,QQQ,2026-05-20,713.15
2502,QQQ,2026-05-21,714.51
2503,QQQ,2026-05-22,717.54
2504,QQQ,2026-05-26,730.28
2505,QQQ,2026-05-27,729.45
2506,QQQ,2026-05-28,735.6
2507,QQQ,2026-05-29,738.31
2508,QQQ,2026-06-01,742.74
2509,QQQ,2026-06-02,746.16
2510,QQQ,2026-06-03,744.21
2511,QQQ,2026-06-04,740.61
2512,QQQ,2026-06-05,705.06
2513,BND,2021-06-07,72.6956
2514,BND,2021-06-08,72.8319
2515,BND,2021-06-09,72.9768
2516,BND,2021-06-10,73.1301
2517,BND,2021-06-11,73.1131
2518,BND,2021-06-14,72.9256
2519,BND,2021-06-15,72.9256
2520,BND,2021-06-16,72.7212
2521,BND,2021-06-17,72.9682
2522,BND,2021-06-18,73.1983
2523,BND,2021-06-21,72.9427
2524,BND,2021-06-22,73.0449
2525,BND,2021-06-23,72.9938
2526,BND,2021-06-24,73.0279
2527,BND,2021-06-25,72.8916
2528,BND,2021-06-28,73.0875
2529,BND,2021-06-29,73.1216
2530,BND,2021-06-30,73.1727
2531,BND,2021-07-01,73.1659
2532,BND,2021-07-02,73.2939
2533,BND,2021-07-06,73.5583
2534,BND,2021-07-07,73.712
2535,BND,2021-07-08,73.7802
2536,BND,2021-07-09,73.5499
2537,BND,2021-07-12,73.5243
2538,BND,2021-07-13,73.2939
2539,BND,2021-07-14,73.5413
2540,BND,2021-07-15,73.7205
2541,BND,2021-07-16,73.6522
2542,BND,2021-07-19,74.0703
2543,BND,2021-07-20,73.9936
2544,BND,2021-07-21,73.7546
2545,BND,2021-07-22,73.9167
2546,BND,2021-07-23,73.8314
2547,BND,2021-07-26,73.7887
2548,BND,2021-07-27,73.9765
2549,BND,2021-07-28,74.0447
2550,BND,2021-07-29,73.9167
2551,BND,2021-07-30,74.0276
2552,BND,2021-08-02,74.2037
2553,BND,2021-08-03,74.2208
2554,BND,2021-08-04,74.2208
2555,BND,2021-08-05,74.0499
2556,BND,2021-08-06,73.6995
2557,BND,2021-08-09,73.5628
2558,BND,2021-08-10,73.4517
2559,BND,2021-08-11,73.503
2560,BND,2021-08-12,73.5115
2561,BND,2021-08-13,73.802
2562,BND,2021-08-16,73.8704
2563,BND,2021-08-17,73.7935
2564,BND,2021-08-18,73.7764
2565,BND,2021-08-19,73.9388
2566,BND,2021-08-20,73.9217
2567,BND,2021-08-23,73.9388
2568,BND,2021-08-24,73.7935
2569,BND,2021-08-25,73.6739
2570,BND,2021-08-26,73.6824
2571,BND,2021-08-27,73.8961
2572,BND,2021-08-30,73.9815
2573,BND,2021-08-31,73.8875
2574,BND,2021-09-01,73.9003
2575,BND,2021-09-02,74.0031
2576,BND,2021-09-03,73.849
2577,BND,2021-09-07,73.635
2578,BND,2021-09-08,73.7549
2579,BND,2021-09-09,74.0202
2580,BND,2021-09-10,73.8404
2581,BND,2021-09-13,73.9517
2582,BND,2021-09-14,74.1314
2583,BND,2021-09-15,74.063
2584,BND,2021-09-16,73.926
2585,BND,2021-09-17,73.8319
2586,BND,2021-09-20,74.0373
2587,BND,2021-09-21,74.0202
2588,BND,2021-09-22,74.0972
2589,BND,2021-09-23,73.7035
2590,BND,2021-09-24,73.5494
2591,BND,2021-09-27,73.4638
2592,BND,2021-09-28,73.1471
2593,BND,2021-09-29,73.1557
2594,BND,2021-09-30,73.1386
2595,BND,2021-10-01,73.3872
2596,BND,2021-10-04,73.3357
2597,BND,2021-10-05,73.1557
2598,BND,2021-10-06,73.19
2599,BND,2021-10-07,72.9843
2600,BND,2021-10-08,72.8042
2601,BND,2021-10-11,72.6928
2602,BND,2021-10-12,72.9585
2603,BND,2021-10-13,73.1557
2604,BND,2021-10-14,73.2843
2605,BND,2021-10-15,73.1043
2606,BND,2021-10-18,73.0614
2607,BND,2021-10-19,72.8557
2608,BND,2021-10-20,72.77
2609,BND,2021-10-21,72.6671
2610,BND,2021-10-22,72.8214
2611,BND,2021-10-25,72.8557
2612,BND,2021-10-26,73.0014
2613,BND,2021-10-27,73.2672
2614,BND,2021-10-28,73.1729
2615,BND,2021-10-29,73.19
2616,BND,2021-11-01,73.1333
2617,BND,2021-11-02,73.2707
2618,BND,2021-11-03,73.1419
2619,BND,2021-11-04,73.4768
2620,BND,2021-11-05,73.7
2621,BND,2021-11-08,73.5369
2622,BND,2021-11-09,73.743
2623,BND,2021-11-10,73.245
2624,BND,2021-11-11,73.1248
2625,BND,2021-11-12,73.1333
2626,BND,2021-11-15,72.8329
2627,BND,2021-11-16,72.7813
2628,BND,2021-11-17,72.9359
2629,BND,2021-11-18,73.0218
2630,BND,2021-11-19,73.1763
2631,BND,2021-11-22,72.8157
2632,BND,2021-11-23,72.5238
2633,BND,2021-11-24,72.6955
2634,BND,2021-11-26,73.2106
2635,BND,2021-11-29,73.202
2636,BND,2021-11-30,73.3394
2637,BND,2021-12-01,73.3867
2638,BND,2021-12-02,73.3953
2639,BND,2021-12-03,73.6791
2640,BND,2021-12-06,73.4813
2641,BND,2021-12-07,73.3179
2642,BND,2021-12-08,73.0943
2643,BND,2021-12-09,73.1287
2644,BND,2021-12-10,73.1545
2645,BND,2021-12-13,73.4039
2646,BND,2021-12-14,73.2835
2647,BND,2021-12-15,73.1889
2648,BND,2021-12-16,73.2835
2649,BND,2021-12-17,73.4125
2650,BND,2021-12-20,73.2921
2651,BND,2021-12-21,73.2147
2652,BND,2021-12-22,73.2921
2653,BND,2021-12-23,73.1808
2654,BND,2021-12-27,73.2153
2655,BND,2021-12-28,73.2067
2656,BND,2021-12-29,72.9651
2657,BND,2021-12-30,73.1291
2658,BND,2021-12-31,73.1118
2659,BND,2022-01-03,72.6201
2660,BND,2022-01-04,72.6114
2661,BND,2022-01-05,72.3613
2662,BND,2022-01-06,72.2836
2663,BND,2022-01-07,72.0852
2664,BND,2022-01-10,72.0248
2665,BND,2022-01-11,72.1715
2666,BND,2022-01-12,72.1456
2667,BND,2022-01-13,72.2664
2668,BND,2022-01-14,71.8695
2669,BND,2022-01-18,71.4209
2670,BND,2022-01-19,71.5934
2671,BND,2022-01-20,71.6711
2672,BND,2022-01-21,71.9386
2673,BND,2022-01-24,71.8264
2674,BND,2022-01-25,71.7315
2675,BND,2022-01-26,71.3347
2676,BND,2022-01-27,71.5676
2677,BND,2022-01-28,71.6539
2678,BND,2022-01-31,71.6021
2679,BND,2022-02-01,71.5736
2680,BND,2022-02-02,71.6773
2681,BND,2022-02-03,71.3748
2682,BND,2022-02-04,70.9342
2683,BND,2022-02-07,70.9947
2684,BND,2022-02-08,70.7613
2685,BND,2022-02-09,70.8132
2686,BND,2022-02-10,70.1651
2687,BND,2022-02-11,70.6231
2688,BND,2022-02-14,70.2256
2689,BND,2022-02-15,70.0787
2690,BND,2022-02-16,70.1738
2691,BND,2022-02-17,70.3293
2692,BND,2022-02-18,70.4503
2693,BND,2022-02-22,70.4071
2694,BND,2022-02-23,70.0528
2695,BND,2022-02-24,70.2083
2696,BND,2022-02-25,70.2688
2697,BND,2022-02-28,70.7873
2698,BND,2022-03-01,71.1585
2699,BND,2022-03-02,70.2844
2700,BND,2022-03-03,70.596
2701,BND,2022-03-04,70.847
2702,BND,2022-03-07,70.5008
2703,BND,2022-03-08,70.1719
2704,BND,2022-03-09,69.9815
2705,BND,2022-03-10,69.6094
2706,BND,2022-03-11,69.5574
2707,BND,2022-03-14,68.917
2708,BND,2022-03-15,69.0295
2709,BND,2022-03-16,69.1334
2710,BND,2022-03-17,69.194
2711,BND,2022-03-18,69.393
2712,BND,2022-03-21,68.6833
2713,BND,2022-03-22,68.5102
2714,BND,2022-03-23,68.8218
2715,BND,2022-03-24,68.7353
2716,BND,2022-03-25,68.1294
2717,BND,2022-03-28,68.3285
2718,BND,2022-03-29,68.6314
2719,BND,2022-03-30,68.7872
2720,BND,2022-03-31,68.8391
2721,BND,2022-04-01,68.6899
2722,BND,2022-04-04,68.7419
2723,BND,2022-04-05,68.0478
2724,BND,2022-04-06,67.8396
2725,BND,2022-04-07,67.7008
2726,BND,2022-04-08,67.3364
2727,BND,2022-04-11,67.024
2728,BND,2022-04-12,67.2409
2729,BND,2022-04-13,67.319
2730,BND,2022-04-14,66.8592
2731,BND,2022-04-18,66.6423
2732,BND,2022-04-19,66.2258
2733,BND,2022-04-20,66.6423
2734,BND,2022-04-21,66.2866
2735,BND,2022-04-22,66.1998
2736,BND,2022-04-25,66.6163
2737,BND,2022-04-26,66.7898
2738,BND,2022-04-27,66.5815
2739,BND,2022-04-28,66.5555
2740,BND,2022-04-29,66.1044
2741,BND,2022-05-02,65.7662
2742,BND,2022-05-03,65.9227
2743,BND,2022-05-04,66.3486
2744,BND,2022-05-05,65.688
2745,BND,2022-05-06,65.4098
2746,BND,2022-05-09,65.7054
2747,BND,2022-05-10,65.8966
2748,BND,2022-05-11,66.1226
2749,BND,2022-05-12,66.253
2750,BND,2022-05-13,66.0096
2751,BND,2022-05-16,66.1139
2752,BND,2022-05-17,65.7228
2753,BND,2022-05-18,66.0009
2754,BND,2022-05-19,66.14
2755,BND,2022-05-20,66.3399
2756,BND,2022-05-23,66.1052
2757,BND,2022-05-24,66.6442
2758,BND,2022-05-25,66.9136
2759,BND,2022-05-26,66.8441
2760,BND,2022-05-27,67.0353
2761,BND,2022-05-31,66.6528
2762,BND,2022-06-01,66.355
2763,BND,2022-06-02,66.416
2764,BND,2022-06-03,66.3201
2765,BND,2022-06-06,65.9282
2766,BND,2022-06-07,66.1547
2767,BND,2022-06-08,65.8847
2768,BND,2022-06-09,65.7976
2769,BND,2022-06-10,65.2402
2770,BND,2022-06-13,64.1864
2771,BND,2022-06-14,63.8381
2772,BND,2022-06-15,64.5696
2773,BND,2022-06-16,64.709
2774,BND,2022-06-17,64.7438
2775,BND,2022-06-21,64.4477
2776,BND,2022-06-22,64.9789
2777,BND,2022-06-23,65.2925
2778,BND,2022-06-24,65.1705
2779,BND,2022-06-27,64.857
2780,BND,2022-06-28,64.8919
2781,BND,2022-06-29,65.2663
2782,BND,2022-06-30,65.545
2783,BND,2022-07-01,66.0678
2784,BND,2022-07-05,66.1812
2785,BND,2022-07-06,65.7798
2786,BND,2022-07-07,65.5965
2787,BND,2022-07-08,65.3784
2788,BND,2022-07-11,65.6227
2789,BND,2022-07-12,65.7361
2790,BND,2022-07-13,65.9456
2791,BND,2022-07-14,65.7361
2792,BND,2022-07-15,65.9718
2793,BND,2022-07-18,65.7711
2794,BND,2022-07-19,65.7187
2795,BND,2022-07-20,65.6576
2796,BND,2022-07-21,66.1987
2797,BND,2022-07-22,66.7397
2798,BND,2022-07-25,66.4953
2799,BND,2022-07-26,66.5128
2800,BND,2022-07-27,66.6961
2801,BND,2022-07-28,67.1586
2802,BND,2022-07-29,67.1062
2803,BND,2022-08-01,67.3974
2804,BND,2022-08-02,66.7153
2805,BND,2022-08-03,67.0476
2806,BND,2022-08-04,67.2137
2807,BND,2022-08-05,66.453
2808,BND,2022-08-08,66.7503
2809,BND,2022-08-09,66.6017
2810,BND,2022-08-10,66.7853
2811,BND,2022-08-11,66.4093
2812,BND,2022-08-12,66.7153
2813,BND,2022-08-15,66.7853
2814,BND,2022-08-16,66.6979
2815,BND,2022-08-17,66.3044
2816,BND,2022-08-18,66.4268
2817,BND,2022-08-19,66.0071
2818,BND,2022-08-22,65.7098
2819,BND,2022-08-23,65.6836
2820,BND,2022-08-24,65.5175
2821,BND,2022-08-25,65.8759
2822,BND,2022-08-26,65.7448
2823,BND,2022-08-29,65.4475
2824,BND,2022-08-30,65.5
2825,BND,2022-08-31,65.2289
2826,BND,2022-09-01,64.8749
2827,BND,2022-09-02,65.0414
2828,BND,2022-09-06,64.4543
2829,BND,2022-09-07,64.9187
2830,BND,2022-09-08,64.7172
2831,BND,2022-09-09,64.6909
2832,BND,2022-09-12,64.6121
2833,BND,2022-09-13,64.2879
2834,BND,2022-09-14,64.3667
2835,BND,2022-09-15,64.1739
2836,BND,2022-09-16,64.1038
2837,BND,2022-09-19,64.06
2838,BND,2022-09-20,63.7446
2839,BND,2022-09-21,63.9199
2840,BND,2022-09-22,63.2627
2841,BND,2022-09-23,63.0874
2842,BND,2022-09-26,62.2813
2843,BND,2022-09-27,62.0097
2844,BND,2022-09-28,62.9735
2845,BND,2022-09-29,62.6493
2846,BND,2022-09-30,62.5003
2847,BND,2022-10-03,63.0237
2848,BND,2022-10-04,63.1818
2849,BND,2022-10-05,62.8481
2850,BND,2022-10-06,62.611
2851,BND,2022-10-07,62.2861
2852,BND,2022-10-10,62.0051
2853,BND,2022-10-11,62.0227
2854,BND,2022-10-12,62.0929
2855,BND,2022-10-13,61.8734
2856,BND,2022-10-14,61.5748
2857,BND,2022-10-17,61.7065
2858,BND,2022-10-18,61.8471
2859,BND,2022-10-19,61.3377
2860,BND,2022-10-20,60.925
2861,BND,2022-10-21,61.0304
2862,BND,2022-10-24,60.9426
2863,BND,2022-10-25,61.5221
2864,BND,2022-10-26,61.768
2865,BND,2022-10-27,62.0929
2866,BND,2022-10-28,61.9699
2867,BND,2022-10-31,61.7768
2868,BND,2022-11-01,61.841
2869,BND,2022-11-02,61.7442
2870,BND,2022-11-03,61.5066
2871,BND,2022-11-04,61.5242
2872,BND,2022-11-07,61.2865
2873,BND,2022-11-08,61.5594
2874,BND,2022-11-09,61.6474
2875,BND,2022-11-10,62.9236
2876,BND,2022-11-11,62.9236
2877,BND,2022-11-14,62.7212
2878,BND,2022-11-15,63.1613
2879,BND,2022-11-16,63.5222
2880,BND,2022-11-17,63.2581
2881,BND,2022-11-18,63.1525
2882,BND,2022-11-21,63.1525
2883,BND,2022-11-22,63.4782
2884,BND,2022-11-23,63.8654
2885,BND,2022-11-25,63.8654
2886,BND,2022-11-28,63.7862
2887,BND,2022-11-29,63.5486
2888,BND,2022-11-30,64.0415
2889,BND,2022-12-01,64.5752
2890,BND,2022-12-02,64.8398
2891,BND,2022-12-05,64.3282
2892,BND,2022-12-06,64.5399
2893,BND,2022-12-07,65.1045
2894,BND,2022-12-08,64.9193
2895,BND,2022-12-09,64.5399
2896,BND,2022-12-12,64.5399
2897,BND,2022-12-13,64.981
2898,BND,2022-12-14,65.1398
2899,BND,2022-12-15,65.1751
2900,BND,2022-12-16,65.0075
2901,BND,2022-12-19,64.6193
2902,BND,2022-12-20,64.1958
2903,BND,2022-12-21,64.3458
2904,BND,2022-12-22,64.337
2905,BND,2022-12-23,64.1354
2906,BND,2022-12-27,63.6402
2907,BND,2022-12-28,63.5518
2908,BND,2022-12-29,63.7905
2909,BND,2022-12-30,63.5252
2910,BND,2023-01-03,63.8613
2911,BND,2023-01-04,64.2238
2912,BND,2023-01-05,64.1531
2913,BND,2023-01-06,64.8605
2914,BND,2023-01-09,65.0373
2915,BND,2023-01-10,64.7809
2916,BND,2023-01-11,65.1258
2917,BND,2023-01-12,65.6298
2918,BND,2023-01-13,65.4087
2919,BND,2023-01-17,65.3203
2920,BND,2023-01-18,65.9216
2921,BND,2023-01-19,65.789
2922,BND,2023-01-20,65.4972
2923,BND,2023-01-23,65.338
2924,BND,2023-01-24,65.6298
2925,BND,2023-01-25,65.7094
2926,BND,2023-01-26,65.5856
2927,BND,2023-01-27,65.5148
2928,BND,2023-01-30,65.3292
2929,BND,2023-01-31,65.6298
2930,BND,2023-02-01,66.0517
2931,BND,2023-02-02,66.096
2932,BND,2023-02-03,65.511
2933,BND,2023-02-06,65.1033
2934,BND,2023-02-07,65.0146
2935,BND,2023-02-08,65.1299
2936,BND,2023-02-09,64.864
2937,BND,2023-02-10,64.5892
2938,BND,2023-02-13,64.7665
2939,BND,2023-02-14,64.5449
2940,BND,2023-02-15,64.4031
2941,BND,2023-02-16,64.1549
2942,BND,2023-02-17,64.2967
2943,BND,2023-02-21,63.7383
2944,BND,2023-02-22,63.8801
2945,BND,2023-02-23,64.1106
2946,BND,2023-02-24,63.756
2947,BND,2023-02-27,63.8624
2948,BND,2023-02-28,63.8801
2949,BND,2023-03-01,63.5017
2950,BND,2023-03-02,63.3684
2951,BND,2023-03-03,63.857
2952,BND,2023-03-06,63.706
2953,BND,2023-03-07,63.6349
2954,BND,2023-03-08,63.5816
2955,BND,2023-03-09,63.7948
2956,BND,2023-03-10,64.5589
2957,BND,2023-03-13,65.0741
2958,BND,2023-03-14,64.6655
2959,BND,2023-03-15,65.3317
2960,BND,2023-03-16,65.0208
2961,BND,2023-03-17,65.4916
2962,BND,2023-03-20,65.2074
2963,BND,2023-03-21,65.0297
2964,BND,2023-03-22,65.6071
2965,BND,2023-03-23,65.7582
2966,BND,2023-03-24,65.8914
2967,BND,2023-03-27,65.2074
2968,BND,2023-03-28,65.0919
2969,BND,2023-03-29,65.1629
2970,BND,2023-03-30,65.2518
2971,BND,2023-03-31,65.5894
2972,BND,2023-04-03,65.8681
2973,BND,2023-04-04,66.1353
2974,BND,2023-04-05,66.3134
2975,BND,2023-04-06,66.2956
2976,BND,2023-04-10,65.8503
2977,BND,2023-04-11,65.877
2978,BND,2023-04-12,65.9483
2979,BND,2023-04-13,65.9126
2980,BND,2023-04-14,65.6188
2981,BND,2023-04-17,65.2625
2982,BND,2023-04-18,65.3605
2983,BND,2023-04-19,65.2714
2984,BND,2023-04-20,65.5564
2985,BND,2023-04-21,65.4407
2986,BND,2023-04-24,65.6989
2987,BND,2023-04-25,66.1264
2988,BND,2023-04-26,65.8948
2989,BND,2023-04-27,65.6099
2990,BND,2023-04-28,65.975
2991,BND,2023-05-01,65.2965
2992,BND,2023-05-02,65.9393
2993,BND,2023-05-03,66.216
2994,BND,2023-05-04,66.1268
2995,BND,2023-05-05,65.8857
2996,BND,2023-05-08,65.5732
2997,BND,2023-05-09,65.5018
2998,BND,2023-05-10,65.9036
2999,BND,2023-05-11,66.1178
3000,BND,2023-05-12,65.7697
3001,BND,2023-05-15,65.6
3002,BND,2023-05-16,65.4393
3003,BND,2023-05-17,65.3233
3004,BND,2023-05-18,65.0555
3005,BND,2023-05-19,64.8769
3006,BND,2023-05-22,64.859
3007,BND,2023-05-23,64.9037
3008,BND,2023-05-24,64.7251
3009,BND,2023-05-25,64.4841
3010,BND,2023-05-26,64.5644
3011,BND,2023-05-30,64.993
3012,BND,2023-05-31,65.2072
3013,BND,2023-06-01,65.3836
3014,BND,2023-06-02,65.0166
3015,BND,2023-06-05,65.0255
3016,BND,2023-06-06,65.115
3017,BND,2023-06-07,64.748
3018,BND,2023-06-08,65.0703
3019,BND,2023-06-09,64.936
3020,BND,2023-06-12,65.0703
3021,BND,2023-06-13,64.7839
3022,BND,2023-06-14,64.8376
3023,BND,2023-06-15,65.2403
3024,BND,2023-06-16,65.0972
3025,BND,2023-06-20,65.1866
3026,BND,2023-06-21,65.2941
3027,BND,2023-06-22,64.9808
3028,BND,2023-06-23,65.1687
3029,BND,2023-06-26,65.2493
3030,BND,2023-06-27,65.124
3031,BND,2023-06-28,65.3298
3032,BND,2023-06-29,64.8376
3033,BND,2023-06-30,65.0613
3034,BND,2023-07-03,64.8765
3035,BND,2023-07-05,64.6073
3036,BND,2023-07-06,64.1945
3037,BND,2023-07-07,64.1586
3038,BND,2023-07-10,64.3829
3039,BND,2023-07-11,64.5175
3040,BND,2023-07-12,65.029
3041,BND,2023-07-13,65.4238
3042,BND,2023-07-14,65.1187
3043,BND,2023-07-17,65.1905
3044,BND,2023-07-18,65.2713
3045,BND,2023-07-19,65.4238
3046,BND,2023-07-20,65.1187
3047,BND,2023-07-21,65.1636
3048,BND,2023-07-24,65.0559
3049,BND,2023-07-25,64.9841
3050,BND,2023-07-26,65.1995
3051,BND,2023-07-27,64.6432
3052,BND,2023-07-28,64.8675
3053,BND,2023-07-31,64.9841
3054,BND,2023-08-01,64.582
3055,BND,2023-08-02,64.375
3056,BND,2023-08-03,63.9792
3057,BND,2023-08-04,64.51
3058,BND,2023-08-07,64.411
3059,BND,2023-08-08,64.645
3060,BND,2023-08-09,64.6629
3061,BND,2023-08-10,64.3031
3062,BND,2023-08-11,64.0961
3063,BND,2023-08-14,64.0152
3064,BND,2023-08-15,63.8712
3065,BND,2023-08-16,63.6912
3066,BND,2023-08-17,63.6283
3067,BND,2023-08-18,63.7632
3068,BND,2023-08-21,63.4573
3069,BND,2023-08-22,63.5383
3070,BND,2023-08-23,64.1141
3071,BND,2023-08-24,63.9612
3072,BND,2023-08-25,63.9612
3073,BND,2023-08-28,64.0781
3074,BND,2023-08-29,64.474
3075,BND,2023-08-30,64.447
3076,BND,2023-08-31,64.555
3077,BND,2023-09-01,64.2446
3078,BND,2023-09-05,63.8928
3079,BND,2023-09-06,63.8206
3080,BND,2023-09-07,64.0371
3081,BND,2023-09-08,64.0552
3082,BND,2023-09-11,63.9559
3083,BND,2023-09-12,64.001
3084,BND,2023-09-13,64.1003
3085,BND,2023-09-14,63.992
3086,BND,2023-09-15,63.8657
3087,BND,2023-09-18,63.9289
3088,BND,2023-09-19,63.7935
3089,BND,2023-09-20,63.7123
3090,BND,2023-09-21,63.3154
3091,BND,2023-09-22,63.577
3092,BND,2023-09-25,63.1079
3093,BND,2023-09-26,63.0447
3094,BND,2023-09-27,62.8192
3095,BND,2023-09-28,62.9816
3096,BND,2023-09-29,62.9545
3097,BND,2023-10-02,62.5221
3098,BND,2023-10-03,62.0155
3099,BND,2023-10-04,62.4225
3100,BND,2023-10-05,62.4678
3101,BND,2023-10-06,62.2235
3102,BND,2023-10-09,62.8568
3103,BND,2023-10-10,62.7935
3104,BND,2023-10-11,63.083
3105,BND,2023-10-12,62.5401
3106,BND,2023-10-13,62.8297
3107,BND,2023-10-16,62.504
3108,BND,2023-10-17,62.0969
3109,BND,2023-10-18,61.8255
3110,BND,2023-10-19,61.5541
3111,BND,2023-10-20,61.7803
3112,BND,2023-10-23,62.0155
3113,BND,2023-10-24,62.2235
3114,BND,2023-10-25,61.7531
3115,BND,2023-10-26,62.1692
3116,BND,2023-10-27,62.1692
3117,BND,2023-10-30,62.0155
3118,BND,2023-10-31,61.9974
3119,BND,2023-11-01,62.5989
3120,BND,2023-11-02,62.9619
3121,BND,2023-11-03,63.3339
3122,BND,2023-11-06,63.0617
3123,BND,2023-11-07,63.3793
3124,BND,2023-11-08,63.5789
3125,BND,2023-11-09,63.1071
3126,BND,2023-11-10,63.225
3127,BND,2023-11-13,63.2069
3128,BND,2023-11-14,63.9781
3129,BND,2023-11-15,63.6243
3130,BND,2023-11-16,64.0053
3131,BND,2023-11-17,64.0961
3132,BND,2023-11-20,64.1868
3133,BND,2023-11-21,64.2776
3134,BND,2023-11-22,64.332
3135,BND,2023-11-24,64.0235
3136,BND,2023-11-27,64.4137
3137,BND,2023-11-28,64.6859
3138,BND,2023-11-29,65.0216
3139,BND,2023-11-30,64.8129
3140,BND,2023-12-01,65.3416
3141,BND,2023-12-04,65.0777
3142,BND,2023-12-05,65.4963
3143,BND,2023-12-06,65.6873
3144,BND,2023-12-07,65.6691
3145,BND,2023-12-08,65.3507
3146,BND,2023-12-11,65.3598
3147,BND,2023-12-12,65.5509
3148,BND,2023-12-13,66.388
3149,BND,2023-12-14,66.8885
3150,BND,2023-12-15,66.7884
3151,BND,2023-12-18,66.6519
3152,BND,2023-12-19,66.7792
3153,BND,2023-12-20,66.9976
3154,BND,2023-12-21,66.9885
3155,BND,2023-12-22,66.9438
3156,BND,2023-12-26,67.0077
3157,BND,2023-12-27,67.4366
3158,BND,2023-12-28,67.2723
3159,BND,2023-12-29,67.1172
3160,BND,2024-01-02,66.8344
3161,BND,2024-01-03,66.8891
3162,BND,2024-01-04,66.5879
3163,BND,2024-01-05,66.3872
3164,BND,2024-01-08,66.6792
3165,BND,2024-01-09,66.6701
3166,BND,2024-01-10,66.5514
3167,BND,2024-01-11,66.8982
3168,BND,2024-01-12,67.0351
3169,BND,2024-01-16,66.5606
3170,BND,2024-01-17,66.4054
3171,BND,2024-01-18,66.3142
3172,BND,2024-01-19,66.3142
3173,BND,2024-01-22,66.4237
3174,BND,2024-01-23,66.2685
3175,BND,2024-01-24,66.1317
3176,BND,2024-01-25,66.4419
3177,BND,2024-01-26,66.3416
3178,BND,2024-01-29,66.6062
3179,BND,2024-01-30,66.7248
3180,BND,2024-01-31,67.0077
3181,BND,2024-02-01,67.4122
3182,BND,2024-02-02,66.8082
3183,BND,2024-02-05,66.2774
3184,BND,2024-02-06,66.5885
3185,BND,2024-02-07,66.4604
3186,BND,2024-02-08,66.2865
3187,BND,2024-02-09,66.2316
3188,BND,2024-02-12,66.2499
3189,BND,2024-02-13,65.6734
3190,BND,2024-02-14,65.9205
3191,BND,2024-02-15,66.1035
3192,BND,2024-02-16,65.893
3193,BND,2024-02-20,65.9754
3194,BND,2024-02-21,65.7924
3195,BND,2024-02-22,65.8198
3196,BND,2024-02-23,66.0577
3197,BND,2024-02-26,65.9388
3198,BND,2024-02-27,65.8381
3199,BND,2024-02-28,65.9845
3200,BND,2024-02-29,66.0944
3201,BND,2024-03-01,66.3715
3202,BND,2024-03-04,66.2155
3203,BND,2024-03-05,66.5734
3204,BND,2024-03-06,66.6927
3205,BND,2024-03-07,66.8029
3206,BND,2024-03-08,66.8671
3207,BND,2024-03-11,66.8396
3208,BND,2024-03-12,66.6376
3209,BND,2024-03-13,66.5275
3210,BND,2024-03-14,66.1329
3211,BND,2024-03-15,66.0962
3212,BND,2024-03-18,66.0136
3213,BND,2024-03-19,66.188
3214,BND,2024-03-20,66.3073
3215,BND,2024-03-21,66.3623
3216,BND,2024-03-22,66.5826
3217,BND,2024-03-25,66.4541
3218,BND,2024-03-26,66.5092
3219,BND,2024-03-27,66.7386
3220,BND,2024-03-28,66.656
3221,BND,2024-04-01,66.2013
3222,BND,2024-04-02,66.1277
3223,BND,2024-04-03,66.1737
3224,BND,2024-04-04,66.3118
3225,BND,2024-04-05,65.9804
3226,BND,2024-04-08,65.9252
3227,BND,2024-04-09,66.1645
3228,BND,2024-04-10,65.3913
3229,BND,2024-04-11,65.3913
3230,BND,2024-04-12,65.5385
3231,BND,2024-04-15,65.1059
3232,BND,2024-04-16,64.9402
3233,BND,2024-04-17,65.2532
3234,BND,2024-04-18,65.0783
3235,BND,2024-04-19,65.1611
3236,BND,2024-04-22,65.1888
3237,BND,2024-04-23,65.3084
3238,BND,2024-04-24,65.1427
3239,BND,2024-04-25,64.9586
3240,BND,2024-04-26,65.1059
3241,BND,2024-04-29,65.2992
3242,BND,2024-04-30,65.0507
3243,BND,2024-05-01,65.2852
3244,BND,2024-05-02,65.5437
3245,BND,2024-05-03,65.8761
3246,BND,2024-05-06,65.9407
3247,BND,2024-05-07,66.07
3248,BND,2024-05-08,65.913
3249,BND,2024-05-09,66.0884
3250,BND,2024-05-10,65.9038
3251,BND,2024-05-13,65.9592
3252,BND,2024-05-14,66.1531
3253,BND,2024-05-15,66.5778
3254,BND,2024-05-16,66.467
3255,BND,2024-05-17,66.3008
3256,BND,2024-05-20,66.2362
3257,BND,2024-05-21,66.3747
3258,BND,2024-05-22,66.2916
3259,BND,2024-05-23,66.0977
3260,BND,2024-05-24,66.1716
3261,BND,2024-05-28,65.8576
3262,BND,2024-05-29,65.6176
3263,BND,2024-05-30,65.9038
3264,BND,2024-05-31,66.1438
3265,BND,2024-06-03,66.5134
3266,BND,2024-06-04,66.7634
3267,BND,2024-06-05,66.9486
3268,BND,2024-06-06,66.9579
3269,BND,2024-06-07,66.4208
3270,BND,2024-06-10,66.3189
3271,BND,2024-06-11,66.5875
3272,BND,2024-06-12,66.8931
3273,BND,2024-06-13,67.1894
3274,BND,2024-06-14,67.2913
3275,BND,2024-06-17,67.0413
3276,BND,2024-06-18,67.2728
3277,BND,2024-06-20,67.1431
3278,BND,2024-06-21,67.1617
3279,BND,2024-06-24,67.1987
3280,BND,2024-06-25,67.2357
3281,BND,2024-06-26,66.9209
3282,BND,2024-06-27,67.0413
3283,BND,2024-06-28,66.7264
3284,BND,2024-07-01,66.3743
3285,BND,2024-07-02,66.5694
3286,BND,2024-07-03,66.9503
3287,BND,2024-07-05,67.2568
3288,BND,2024-07-08,67.2568
3289,BND,2024-07-09,67.2289
3290,BND,2024-07-10,67.2847
3291,BND,2024-07-11,67.6191
3292,BND,2024-07-12,67.7956
3293,BND,2024-07-15,67.582
3294,BND,2024-07-16,67.8421
3295,BND,2024-07-17,67.9071
3296,BND,2024-07-18,67.7306
3297,BND,2024-07-19,67.5541
3298,BND,2024-07-22,67.5262
3299,BND,2024-07-23,67.5355
3300,BND,2024-07-24,67.3404
3301,BND,2024-07-25,67.4891
3302,BND,2024-07-26,67.7585
3303,BND,2024-07-29,67.8421
3304,BND,2024-07-30,67.9257
3305,BND,2024-07-31,68.2972
3306,BND,2024-08-01,68.5526
3307,BND,2024-08-02,69.3353
3308,BND,2024-08-05,69.27
3309,BND,2024-08-06,68.8414
3310,BND,2024-08-07,68.6737
3311,BND,2024-08-08,68.5712
3312,BND,2024-08-09,68.8135
3313,BND,2024-08-12,68.9346
3314,BND,2024-08-13,69.1955
3315,BND,2024-08-14,69.326
3316,BND,2024-08-15,69.0371
3317,BND,2024-08-16,69.1862
3318,BND,2024-08-19,69.27
3319,BND,2024-08-20,69.4751
3320,BND,2024-08-21,69.6241
3321,BND,2024-08-22,69.3446
3322,BND,2024-08-23,69.6521
3323,BND,2024-08-26,69.5775
3324,BND,2024-08-27,69.5775
3325,BND,2024-08-28,69.531
3326,BND,2024-08-29,69.4285
3327,BND,2024-08-30,69.2887
3328,BND,2024-09-03,69.584
3329,BND,2024-09-04,69.8925
3330,BND,2024-09-05,70.0607
3331,BND,2024-09-06,70.1448
3332,BND,2024-09-09,70.2383
3333,BND,2024-09-10,70.4719
3334,BND,2024-09-11,70.4346
3335,BND,2024-09-12,70.3598
3336,BND,2024-09-13,70.5093
3337,BND,2024-09-16,70.6963
3338,BND,2024-09-17,70.6028
3339,BND,2024-09-18,70.3878
3340,BND,2024-09-19,70.3878
3341,BND,2024-09-20,70.3785
3342,BND,2024-09-23,70.3317
3343,BND,2024-09-24,70.4159
3344,BND,2024-09-25,70.1542
3345,BND,2024-09-26,70.1542
3346,BND,2024-09-27,70.3598
3347,BND,2024-09-30,70.2009
3348,BND,2024-10-01,70.4081
3349,BND,2024-10-02,70.2768
3350,BND,2024-10-03,69.9675
3351,BND,2024-10-04,69.5082
3352,BND,2024-10-07,69.3019
3353,BND,2024-10-08,69.405
3354,BND,2024-10-09,69.2175
3355,BND,2024-10-10,69.1894
3356,BND,2024-10-11,69.1988
3357,BND,2024-10-14,69.1519
3358,BND,2024-10-15,69.4238
3359,BND,2024-10-16,69.5175
3360,BND,2024-10-17,69.1801
3361,BND,2024-10-18,69.2175
3362,BND,2024-10-21,68.7489
3363,BND,2024-10-22,68.777
3364,BND,2024-10-23,68.6083
3365,BND,2024-10-24,68.7207
3366,BND,2024-10-25,68.5801
3367,BND,2024-10-28,68.4958
3368,BND,2024-10-29,68.552
3369,BND,2024-10-30,68.4864
3370,BND,2024-10-31,68.477
3371,BND,2024-11-01,68.2118
3372,BND,2024-11-04,68.4845
3373,BND,2024-11-05,68.6538
3374,BND,2024-11-06,68.0896
3375,BND,2024-11-07,68.5974
3376,BND,2024-11-08,68.729
3377,BND,2024-11-11,68.5974
3378,BND,2024-11-12,68.1836
3379,BND,2024-11-13,68.1554
3380,BND,2024-11-14,68.1366
3381,BND,2024-11-15,68.1554
3382,BND,2024-11-18,68.2213
3383,BND,2024-11-19,68.3435
3384,BND,2024-11-20,68.2682
3385,BND,2024-11-21,68.2307
3386,BND,2024-11-22,68.2589
3387,BND,2024-11-25,68.8889
3388,BND,2024-11-26,68.7666
3389,BND,2024-11-27,68.9547
3390,BND,2024-11-29,69.2086
3391,BND,2024-12-02,69.2491
3392,BND,2024-12-03,69.0888
3393,BND,2024-12-04,69.3246
3394,BND,2024-12-05,69.334
3395,BND,2024-12-06,69.5227
3396,BND,2024-12-09,69.3152
3397,BND,2024-12-10,69.2397
3398,BND,2024-12-11,69.0888
3399,BND,2024-12-12,68.8153
3400,BND,2024-12-13,68.5418
3401,BND,2024-12-16,68.6172
3402,BND,2024-12-17,68.6266
3403,BND,2024-12-18,68.089
3404,BND,2024-12-19,67.9004
3405,BND,2024-12-20,68.1079
3406,BND,2024-12-23,67.891
3407,BND,2024-12-24,67.9884
3408,BND,2024-12-26,68.0357
3409,BND,2024-12-27,67.8938
3410,BND,2024-12-30,68.1588
3411,BND,2024-12-31,68.0452
3412,BND,2025-01-02,68.0736
3413,BND,2025-01-03,67.9884
3414,BND,2025-01-06,67.9222
3415,BND,2025-01-07,67.6856
3416,BND,2025-01-08,67.7613
3417,BND,2025-01-10,67.4112
3418,BND,2025-01-13,67.345
3419,BND,2025-01-14,67.3923
3420,BND,2025-01-15,67.9316
3421,BND,2025-01-16,68.0641
3422,BND,2025-01-17,68.0831
3423,BND,2025-01-21,68.2818
3424,BND,2025-01-22,68.1398
3425,BND,2025-01-23,68.0357
3426,BND,2025-01-24,68.1682
3427,BND,2025-01-27,68.5278
3428,BND,2025-01-28,68.4899
3429,BND,2025-01-29,68.4521
3430,BND,2025-01-30,68.5467
3431,BND,2025-01-31,68.4521
3432,BND,2025-02-03,68.5138
3433,BND,2025-02-04,68.6087
3434,BND,2025-02-05,68.96
3435,BND,2025-02-06,68.884
3436,BND,2025-02-07,68.6752
3437,BND,2025-02-10,68.6942
3438,BND,2025-02-11,68.5802
3439,BND,2025-02-12,68.229
3440,BND,2025-02-13,68.6372
3441,BND,2025-02-14,68.8555
3442,BND,2025-02-18,68.5992
3443,BND,2025-02-19,68.6942
3444,BND,2025-02-20,68.7796
3445,BND,2025-02-21,69.0834
3446,BND,2025-02-24,69.1783
3447,BND,2025-02-25,69.615
3448,BND,2025-02-26,69.7195
3449,BND,2025-02-27,69.634
3450,BND,2025-02-28,69.9283
3451,BND,2025-03-03,70.0892
3452,BND,2025-03-04,69.8893
3453,BND,2025-03-05,69.6417
3454,BND,2025-03-06,69.5846
3455,BND,2025-03-07,69.5084
3456,BND,2025-03-10,69.8321
3457,BND,2025-03-11,69.5655
3458,BND,2025-03-12,69.4227
3459,BND,2025-03-13,69.6322
3460,BND,2025-03-14,69.4608
3461,BND,2025-03-17,69.556
3462,BND,2025-03-18,69.6322
3463,BND,2025-03-19,69.8417
3464,BND,2025-03-20,69.8702
3465,BND,2025-03-21,69.8131
3466,BND,2025-03-24,69.5084
3467,BND,2025-03-25,69.5941
3468,BND,2025-03-26,69.4418
3469,BND,2025-03-27,69.4132
3470,BND,2025-03-28,69.8131
3471,BND,2025-03-31,69.9369
3472,BND,2025-04-01,70.1566
3473,BND,2025-04-02,70.0993
3474,BND,2025-04-03,70.4623
3475,BND,2025-04-04,70.5196
3476,BND,2025-04-07,69.6694
3477,BND,2025-04-08,69.2682
3478,BND,2025-04-09,69.4306
3479,BND,2025-04-10,68.8765
3480,BND,2025-04-11,68.8001
3481,BND,2025-04-14,69.1917
3482,BND,2025-04-15,69.3637
3483,BND,2025-04-16,69.5548
3484,BND,2025-04-17,69.4019
3485,BND,2025-04-21,69.0198
3486,BND,2025-04-22,69.144
3487,BND,2025-04-23,69.2873
3488,BND,2025-04-24,69.6789
3489,BND,2025-04-25,69.9082
3490,BND,2025-04-28,70.0802
3491,BND,2025-04-29,70.2617
3492,BND,2025-04-30,70.2139
3493,BND,2025-05-01,70.0184
3494,BND,2025-05-02,69.6734
3495,BND,2025-05-05,69.5776
3496,BND,2025-05-06,69.7309
3497,BND,2025-05-07,69.8651
3498,BND,2025-05-08,69.4913
3499,BND,2025-05-09,69.5488
3500,BND,2025-05-12,69.3092
3501,BND,2025-05-13,69.2805
3502,BND,2025-05-14,69.0409
3503,BND,2025-05-15,69.4146
3504,BND,2025-05-16,69.4626
3505,BND,2025-05-19,69.4434
3506,BND,2025-05-20,69.3188
3507,BND,2025-05-21,68.8875
3508,BND,2025-05-22,69.0792
3509,BND,2025-05-23,69.1846
3510,BND,2025-05-27,69.5105
3511,BND,2025-05-28,69.3571
3512,BND,2025-05-29,69.6063
3513,BND,2025-05-30,69.7405
3514,BND,2025-06-02,69.5866
3515,BND,2025-06-03,69.5097
3516,BND,2025-06-04,69.9424
3517,BND,2025-06-05,69.8078
3518,BND,2025-06-06,69.4328
3519,BND,2025-06-09,69.5386
3520,BND,2025-06-10,69.6732
3521,BND,2025-06-11,69.8943
3522,BND,2025-06-12,70.1539
3523,BND,2025-06-13,69.9039
3524,BND,2025-06-16,69.7693
3525,BND,2025-06-17,69.9905
3526,BND,2025-06-18,70.029
3527,BND,2025-06-20,70.077
3528,BND,2025-06-23,70.2501
3529,BND,2025-06-24,70.4616
3530,BND,2025-06-25,70.4809
3531,BND,2025-06-26,70.6828
3532,BND,2025-06-27,70.5193
3533,BND,2025-06-30,70.7982
3534,BND,2025-07-01,70.7451
3535,BND,2025-07-02,70.6679
3536,BND,2025-07-03,70.4943
3537,BND,2025-07-07,70.2628
3538,BND,2025-07-08,70.2242
3539,BND,2025-07-09,70.504
3540,BND,2025-07-10,70.5136
3541,BND,2025-07-11,70.2242
3542,BND,2025-07-14,70.2146
3543,BND,2025-07-15,70.0023
3544,BND,2025-07-16,70.1374
3545,BND,2025-07-17,70.1567
3546,BND,2025-07-18,70.2724
3547,BND,2025-07-21,70.475
3548,BND,2025-07-22,70.5908
3549,BND,2025-07-23,70.4461
3550,BND,2025-07-24,70.3593
3551,BND,2025-07-25,70.5329
3552,BND,2025-07-28,70.4172
3553,BND,2025-07-29,70.7837
3554,BND,2025-07-30,70.6004
3555,BND,2025-07-31,70.6101
3556,BND,2025-08-01,71.2217
3557,BND,2025-08-04,71.2701
3558,BND,2025-08-05,71.2992
3559,BND,2025-08-06,71.2411
3560,BND,2025-08-07,71.2121
3561,BND,2025-08-08,71.0572
3562,BND,2025-08-11,71.1056
3563,BND,2025-08-12,71.1153
3564,BND,2025-08-13,71.3766
3565,BND,2025-08-14,71.1733
3566,BND,2025-08-15,71.0766
3567,BND,2025-08-18,70.9991
3568,BND,2025-08-19,71.1346
3569,BND,2025-08-20,71.183
3570,BND,2025-08-21,71.0088
3571,BND,2025-08-22,71.3669
3572,BND,2025-08-25,71.2701
3573,BND,2025-08-26,71.3572
3574,BND,2025-08-27,71.425
3575,BND,2025-08-28,71.5121
3576,BND,2025-08-29,71.425
3577,BND,2025-09-02,71.2725
3578,BND,2025-09-03,71.5056
3579,BND,2025-09-04,71.7775
3580,BND,2025-09-05,72.1173
3581,BND,2025-09-08,72.3504
3582,BND,2025-09-09,72.2144
3583,BND,2025-09-10,72.3406
3584,BND,2025-09-11,72.496
3585,BND,2025-09-12,72.4086
3586,BND,2025-09-15,72.5446
3587,BND,2025-09-16,72.5543
3588,BND,2025-09-17,72.428
3589,BND,2025-09-18,72.2435
3590,BND,2025-09-19,72.2727
3591,BND,2025-09-22,72.1367
3592,BND,2025-09-23,72.2824
3593,BND,2025-09-24,72.1367
3594,BND,2025-09-25,72.059
3595,BND,2025-09-26,72.059
3596,BND,2025-09-29,72.2435
3597,BND,2025-09-30,72.2144
3598,BND,2025-10-01,72.3966
3599,BND,2025-10-02,72.4745
3600,BND,2025-10-03,72.3868
3601,BND,2025-10-06,72.2212
3602,BND,2025-10-07,72.3576
3603,BND,2025-10-08,72.3576
3604,BND,2025-10-09,72.3089
3605,BND,2025-10-10,72.5914
3606,BND,2025-10-13,72.7083
3607,BND,2025-10-14,72.8154
3608,BND,2025-10-15,72.7667
3609,BND,2025-10-16,73.0395
3610,BND,2025-10-17,72.9421
3611,BND,2025-10-20,73.0395
3612,BND,2025-10-21,73.1272
3613,BND,2025-10-22,73.1272
3614,BND,2025-10-23,72.981
3615,BND,2025-10-24,73.0785
3616,BND,2025-10-27,73.1174
3617,BND,2025-10-28,73.1564
3618,BND,2025-10-29,72.796
3619,BND,2025-10-30,72.6693
3620,BND,2025-10-31,72.6498
3621,BND,2025-11-03,72.5658
3622,BND,2025-11-04,72.6049
3623,BND,2025-11-05,72.3997
3624,BND,2025-11-06,72.6831
3625,BND,2025-11-07,72.644
3626,BND,2025-11-10,72.6244
3627,BND,2025-11-11,72.8297
3628,BND,2025-11-12,72.8004
3629,BND,2025-11-13,72.5853
3630,BND,2025-11-14,72.4778
3631,BND,2025-11-17,72.5169
3632,BND,2025-11-18,72.5756
3633,BND,2025-11-19,72.5462
3634,BND,2025-11-20,72.6537
3635,BND,2025-11-21,72.8297
3636,BND,2025-11-24,72.9567
3637,BND,2025-11-25,73.1229
3638,BND,2025-11-26,73.201
3639,BND,2025-11-28,73.0838
3640,BND,2025-12-01,72.7985
3641,BND,2025-12-02,72.8671
3642,BND,2025-12-03,72.9749
3643,BND,2025-12-04,72.8377
3644,BND,2025-12-05,72.7494
3645,BND,2025-12-08,72.6416
3646,BND,2025-12-09,72.5926
3647,BND,2025-12-10,72.8083
3648,BND,2025-12-11,72.8083
3649,BND,2025-12-12,72.5828
3650,BND,2025-12-15,72.671
3651,BND,2025-12-16,72.8083
3652,BND,2025-12-17,72.7887
3653,BND,2025-12-18,72.9431
3654,BND,2025-12-19,72.8349
3655,BND,2025-12-22,72.8152
3656,BND,2025-12-23,72.8054
3657,BND,2025-12-24,72.9825
3658,BND,2025-12-26,72.9825
3659,BND,2025-12-29,73.0907
3660,BND,2025-12-30,73.0611
3661,BND,2025-12-31,72.8644
3662,BND,2026-01-02,72.8349
3663,BND,2026-01-05,72.9726
3664,BND,2026-01-06,72.9726
3665,BND,2026-01-07,73.0513
3666,BND,2026-01-08,72.9234
3667,BND,2026-01-09,73.0808
3668,BND,2026-01-12,73.012
3669,BND,2026-01-13,73.071
3670,BND,2026-01-14,73.2186
3671,BND,2026-01-15,73.1103
3672,BND,2026-01-16,72.9923
3673,BND,2026-01-20,72.7267
3674,BND,2026-01-21,72.9333
3675,BND,2026-01-22,72.9628
3676,BND,2026-01-23,73.0415
3677,BND,2026-01-26,73.13
3678,BND,2026-01-27,73.071
3679,BND,2026-01-28,73.0415
3680,BND,2026-01-29,73.0513
3681,BND,2026-01-30,73.0218
3682,BND,2026-02-02,72.9478
3683,BND,2026-02-03,72.9675
3684,BND,2026-02-04,72.9379
3685,BND,2026-02-05,73.2537
3686,BND,2026-02-06,73.2636
3687,BND,2026-02-09,73.2834
3688,BND,2026-02-10,73.5005
3689,BND,2026-02-11,73.3524
3690,BND,2026-02-12,73.688
3691,BND,2026-02-13,73.9051
3692,BND,2026-02-17,73.8953
3693,BND,2026-02-18,73.8163
3694,BND,2026-02-19,73.8459
3695,BND,2026-02-20,73.8361
3696,BND,2026-02-23,73.994
3697,BND,2026-02-24,73.9545
3698,BND,2026-02-25,73.9348
3699,BND,2026-02-26,74.0433
3700,BND,2026-02-27,74.1914
3701,BND,2026-03-02,73.8924
3702,BND,2026-03-03,73.8132
3703,BND,2026-03-04,73.7637
3704,BND,2026-03-05,73.5954
3705,BND,2026-03-06,73.4964
3706,BND,2026-03-09,73.7043
3707,BND,2026-03-10,73.4766
3708,BND,2026-03-11,73.1499
3709,BND,2026-03-12,72.8826
3710,BND,2026-03-13,72.8133
3711,BND,2026-03-16,73.0905
3712,BND,2026-03-17,73.239
3713,BND,2026-03-18,72.942
3714,BND,2026-03-19,73.0212
3715,BND,2026-03-20,72.4371
3716,BND,2026-03-23,72.7143
3717,BND,2026-03-24,72.5262
3718,BND,2026-03-25,72.8034
3719,BND,2026-03-26,72.3777
3720,BND,2026-03-27,72.3777
3721,BND,2026-03-30,72.744
3722,BND,2026-03-31,72.9024
3723,BND,2026-04-01,72.9322
3724,BND,2026-04-02,73.0911
3725,BND,2026-04-06,72.9819
3726,BND,2026-04-07,73.0911
3727,BND,2026-04-08,73.2302
3728,BND,2026-04-09,73.26
3729,BND,2026-04-10,73.1507
3730,BND,2026-04-13,73.3097
3731,BND,2026-04-14,73.4885
3732,BND,2026-04-15,73.3892
3733,BND,2026-04-16,73.2799
3734,BND,2026-04-17,73.568
3735,BND,2026-04-20,73.5183
3736,BND,2026-04-21,73.2898
3737,BND,2026-04-22,73.3693
3738,BND,2026-04-23,73.2402
3739,BND,2026-04-24,73.3693
3740,BND,2026-04-27,73.2501
3741,BND,2026-04-28,73.2302
3742,BND,2026-04-29,72.9024
3743,BND,2026-04-30,73.0117
3744,BND,2026-05-01,73.1133
3745,BND,2026-05-04,72.8642
3746,BND,2026-05-05,72.9937
3747,BND,2026-05-06,73.3027
3748,BND,2026-05-07,73.1133
3749,BND,2026-05-08,73.3027
3750,BND,2026-05-11,73.1233
3751,BND,2026-05-12,72.904
3752,BND,2026-05-13,72.9339
3753,BND,2026-05-14,72.914
3754,BND,2026-05-15,72.4954
3755,BND,2026-05-18,72.4456
3756,BND,2026-05-19,72.2064
3757,BND,2026-05-20,72.605
3758,BND,2026-05-21,72.6848
3759,BND,2026-05-22,72.7545
3760,BND,2026-05-26,72.9638
3761,BND,2026-05-27,73.0336
3762,BND,2026-05-28,73.1731
3763,BND,2026-05-29,73.213
3764,BND,2026-06-01,73.18
3765,BND,2026-06-02,73.2
3766,BND,2026-06-03,73.06
3767,BND,2026-06-04,73.16
3768,BND,2026-06-05,72.83
3769,SPY,2021-06-07,394.3183
3770,SPY,2021-06-08,394.4023
3771,SPY,2021-06-09,393.8139
3772,SPY,2021-06-10,395.6446
3773,SPY,2021-06-11,396.2983
3774,SPY,2021-06-14,397.1856
3775,SPY,2021-06-15,396.4571
3776,SPY,2021-06-16,394.2435
3777,SPY,2021-06-17,394.1128
3778,SPY,2021-06-18,388.796
3779,SPY,2021-06-21,394.3621
3780,SPY,2021-06-22,396.4703
3781,SPY,2021-06-23,395.9925
3782,SPY,2021-06-24,398.3351
3783,SPY,2021-06-25,399.75
3784,SPY,2021-06-28,400.5559
3785,SPY,2021-06-29,400.7714
3786,SPY,2021-06-30,401.1088
3787,SPY,2021-07-01,403.3295
3788,SPY,2021-07-02,406.4123
3789,SPY,2021-07-06,405.6721
3790,SPY,2021-07-07,407.1057
3791,SPY,2021-07-08,403.7886
3792,SPY,2021-07-09,408.0989
3793,SPY,2021-07-12,409.5608
3794,SPY,2021-07-13,408.1646
3795,SPY,2021-07-14,408.7737
3796,SPY,2021-07-15,407.3775
3797,SPY,2021-07-16,404.1822
3798,SPY,2021-07-19,398.2133
3799,SPY,2021-07-20,403.9198
3800,SPY,2021-07-21,407.1902
3801,SPY,2021-07-22,408.0428
3802,SPY,2021-07-23,412.2408
3803,SPY,2021-07-26,413.2527
3804,SPY,2021-07-27,411.3693
3805,SPY,2021-07-28,411.2006
3806,SPY,2021-07-29,412.9061
3807,SPY,2021-07-30,410.9008
3808,SPY,2021-08-02,410.0387
3809,SPY,2021-08-03,413.3745
3810,SPY,2021-08-04,411.3412
3811,SPY,2021-08-05,413.9461
3812,SPY,2021-08-06,414.6302
3813,SPY,2021-08-09,414.2928
3814,SPY,2021-08-10,414.8082
3815,SPY,2021-08-11,415.839
3816,SPY,2021-08-12,417.0852
3817,SPY,2021-08-13,417.8443
3818,SPY,2021-08-16,418.8282
3819,SPY,2021-08-17,416.0826
3820,SPY,2021-08-18,411.5286
3821,SPY,2021-08-19,412.1657
3822,SPY,2021-08-20,415.4455
3823,SPY,2021-08-23,419.0999
3824,SPY,2021-08-24,419.7652
3825,SPY,2021-08-25,420.646
3826,SPY,2021-08-26,418.1628
3827,SPY,2021-08-27,421.9016
3828,SPY,2021-08-30,423.757
3829,SPY,2021-08-31,423.1292
3830,SPY,2021-09-01,423.3541
3831,SPY,2021-09-02,424.6565
3832,SPY,2021-09-03,424.5534
3833,SPY,2021-09-07,423.0354
3834,SPY,2021-09-08,422.5201
3835,SPY,2021-09-09,420.7116
3836,SPY,2021-09-10,417.3945
3837,SPY,2021-09-13,418.4627
3838,SPY,2021-09-14,416.2044
3839,SPY,2021-09-15,419.6808
3840,SPY,2021-09-16,419.0155
3841,SPY,2021-09-17,414.9339
3842,SPY,2021-09-20,408.0152
3843,SPY,2021-09-21,407.6298
3844,SPY,2021-09-22,411.6061
3845,SPY,2021-09-23,416.6071
3846,SPY,2021-09-24,417.2934
3847,SPY,2021-09-27,416.0995
3848,SPY,2021-09-28,407.7144
3849,SPY,2021-09-29,408.4006
3850,SPY,2021-09-30,403.409
3851,SPY,2021-10-01,408.2032
3852,SPY,2021-10-04,402.939
3853,SPY,2021-10-05,407.1315
3854,SPY,2021-10-06,408.8236
3855,SPY,2021-10-07,412.3582
3856,SPY,2021-10-08,411.6061
3857,SPY,2021-10-11,408.6262
3858,SPY,2021-10-12,407.6203
3859,SPY,2021-10-13,409.0869
3860,SPY,2021-10-14,415.9679
3861,SPY,2021-10-15,419.1358
3862,SPY,2021-10-18,420.3768
3863,SPY,2021-10-19,423.6199
3864,SPY,2021-10-20,425.2838
3865,SPY,2021-10-21,426.3929
3866,SPY,2021-10-22,425.9511
3867,SPY,2021-10-25,428.2354
3868,SPY,2021-10-26,428.6209
3869,SPY,2021-10-27,426.7219
3870,SPY,2021-10-28,430.8393
3871,SPY,2021-10-29,431.7137
3872,SPY,2021-11-01,432.4562
3873,SPY,2021-11-02,434.2048
3874,SPY,2021-11-03,436.8557
3875,SPY,2021-11-04,438.9143
3876,SPY,2021-11-05,440.4372
3877,SPY,2021-11-08,440.8132
3878,SPY,2021-11-09,439.3561
3879,SPY,2021-11-10,435.8216
3880,SPY,2021-11-11,435.9626
3881,SPY,2021-11-12,439.2527
3882,SPY,2021-11-15,439.4031
3883,SPY,2021-11-16,441.1422
3884,SPY,2021-11-17,440.0706
3885,SPY,2021-11-18,441.5652
3886,SPY,2021-11-19,440.7756
3887,SPY,2021-11-22,439.5348
3888,SPY,2021-11-23,440.1176
3889,SPY,2021-11-24,441.2926
3890,SPY,2021-11-26,431.4504
3891,SPY,2021-11-29,436.7429
3892,SPY,2021-11-30,428.2449
3893,SPY,2021-12-01,423.4883
3894,SPY,2021-12-02,429.9746
3895,SPY,2021-12-03,426.2332
3896,SPY,2021-12-06,431.2812
3897,SPY,2021-12-07,440.2022
3898,SPY,2021-12-08,441.3679
3899,SPY,2021-12-09,438.3879
3900,SPY,2021-12-10,442.5147
3901,SPY,2021-12-13,438.5947
3902,SPY,2021-12-14,435.5772
3903,SPY,2021-12-15,442.3831
3904,SPY,2021-12-16,438.482
3905,SPY,2021-12-17,433.8152
3906,SPY,2021-12-20,429.2023
3907,SPY,2021-12-21,436.8245
3908,SPY,2021-12-22,441.1921
3909,SPY,2021-12-23,443.9373
3910,SPY,2021-12-27,450.2199
3911,SPY,2021-12-28,449.8521
3912,SPY,2021-12-29,450.4275
3913,SPY,2021-12-30,449.1823
3914,SPY,2021-12-31,448.0502
3915,SPY,2022-01-03,450.6445
3916,SPY,2022-01-04,450.4935
3917,SPY,2022-01-05,441.8431
3918,SPY,2022-01-06,441.4279
3919,SPY,2022-01-07,439.6828
3920,SPY,2022-01-10,439.1356
3921,SPY,2022-01-11,443.1354
3922,SPY,2022-01-12,444.3335
3923,SPY,2022-01-13,438.2112
3924,SPY,2022-01-14,438.3904
3925,SPY,2022-01-18,430.6267
3926,SPY,2022-01-19,426.1552
3927,SPY,2022-01-20,421.4385
3928,SPY,2022-01-21,413.1655
3929,SPY,2022-01-24,414.92
3930,SPY,2022-01-25,409.8543
3931,SPY,2022-01-26,408.8261
3932,SPY,2022-01-27,406.8072
3933,SPY,2022-01-28,416.9105
3934,SPY,2022-01-31,424.4195
3935,SPY,2022-02-01,427.2873
3936,SPY,2022-02-02,431.438
3937,SPY,2022-02-03,421.2971
3938,SPY,2022-02-04,423.2781
3939,SPY,2022-02-07,421.9196
3940,SPY,2022-02-08,425.3911
3941,SPY,2022-02-09,431.6172
3942,SPY,2022-02-10,423.8629
3943,SPY,2022-02-11,415.5049
3944,SPY,2022-02-14,414.1465
3945,SPY,2022-02-15,420.8254
3946,SPY,2022-02-16,421.2971
3947,SPY,2022-02-17,412.2975
3948,SPY,2022-02-18,409.6279
3949,SPY,2022-02-22,405.2319
3950,SPY,2022-02-23,398.0436
3951,SPY,2022-02-24,404.0338
3952,SPY,2022-02-25,412.9485
3953,SPY,2022-02-28,411.8919
3954,SPY,2022-03-01,405.6187
3955,SPY,2022-03-02,413.0805
3956,SPY,2022-03-03,411.024
3957,SPY,2022-03-04,407.6846
3958,SPY,2022-03-07,395.6664
3959,SPY,2022-03-08,392.6666
3960,SPY,2022-03-09,403.1942
3961,SPY,2022-03-10,401.3737
3962,SPY,2022-03-11,396.2701
3963,SPY,2022-03-14,393.3741
3964,SPY,2022-03-15,402.0246
3965,SPY,2022-03-16,410.9391
3966,SPY,2022-03-17,416.0804
3967,SPY,2022-03-18,420.6376
3968,SPY,2022-03-21,420.5146
3969,SPY,2022-03-22,425.4352
3970,SPY,2022-03-23,419.9563
3971,SPY,2022-03-24,426.2869
3972,SPY,2022-03-25,428.3687
3973,SPY,2022-03-28,431.4156
3974,SPY,2022-03-29,436.7527
3975,SPY,2022-03-30,434.0558
3976,SPY,2022-03-31,427.3751
3977,SPY,2022-04-01,428.5862
3978,SPY,2022-04-04,432.2578
3979,SPY,2022-04-05,426.7979
3980,SPY,2022-04-06,422.5301
3981,SPY,2022-04-07,424.6592
3982,SPY,2022-04-08,423.5238
3983,SPY,2022-04-11,416.2847
3984,SPY,2022-04-12,414.7423
3985,SPY,2022-04-13,419.4926
3986,SPY,2022-04-14,414.2692
3987,SPY,2022-04-18,414.4395
3988,SPY,2022-04-19,421.1297
3989,SPY,2022-04-20,420.8174
3990,SPY,2022-04-21,414.5247
3991,SPY,2022-04-22,403.1505
3992,SPY,2022-04-25,405.4878
3993,SPY,2022-04-26,393.7445
3994,SPY,2022-04-27,394.8516
3995,SPY,2022-04-28,404.8253
3996,SPY,2022-04-29,389.8648
3997,SPY,2022-05-02,392.2115
3998,SPY,2022-05-03,394.0094
3999,SPY,2022-05-04,406.0082
4000,SPY,2022-05-05,391.5775
4001,SPY,2022-05-06,389.2403
4002,SPY,2022-05-09,376.7778
4003,SPY,2022-05-10,377.6484
4004,SPY,2022-05-11,371.649
4005,SPY,2022-05-12,371.261
4006,SPY,2022-05-13,380.1371
4007,SPY,2022-05-16,378.5947
4008,SPY,2022-05-17,386.3825
4009,SPY,2022-05-18,370.8068
4010,SPY,2022-05-19,368.5358
4011,SPY,2022-05-20,368.6967
4012,SPY,2022-05-23,375.595
4013,SPY,2022-05-24,372.7278
4014,SPY,2022-05-25,376.0208
4015,SPY,2022-05-26,383.5342
4016,SPY,2022-05-27,392.9496
4017,SPY,2022-05-31,390.7448
4018,SPY,2022-06-01,387.5842
4019,SPY,2022-06-02,394.9652
4020,SPY,2022-06-03,388.4833
4021,SPY,2022-06-06,389.6661
4022,SPY,2022-06-07,393.4038
4023,SPY,2022-06-08,389.1266
4024,SPY,2022-06-09,379.8721
4025,SPY,2022-06-10,368.8575
4026,SPY,2022-06-13,354.8526
4027,SPY,2022-06-14,353.7834
4028,SPY,2022-06-15,358.827
4029,SPY,2022-06-16,346.9512
4030,SPY,2022-06-17,347.6992
4031,SPY,2022-06-21,356.4521
4032,SPY,2022-06-22,355.8058
4033,SPY,2022-06-23,359.2935
4034,SPY,2022-06-24,370.7169
4035,SPY,2022-06-27,369.3009
4036,SPY,2022-06-28,361.7551
4037,SPY,2022-06-29,361.4604
4038,SPY,2022-06-30,358.5238
4039,SPY,2022-07-01,362.3157
4040,SPY,2022-07-05,363.0
4041,SPY,2022-07-06,364.226
4042,SPY,2022-07-07,369.681
4043,SPY,2022-07-08,369.3769
4044,SPY,2022-07-11,365.1574
4045,SPY,2022-07-12,361.9261
4046,SPY,2022-07-13,360.0254
4047,SPY,2022-07-14,359.1511
4048,SPY,2022-07-15,366.0127
4049,SPY,2022-07-18,362.9906
4050,SPY,2022-07-19,372.7982
4051,SPY,2022-07-20,375.1742
4052,SPY,2022-07-21,378.9946
4053,SPY,2022-07-22,375.4782
4054,SPY,2022-07-25,375.9344
4055,SPY,2022-07-26,371.4868
4056,SPY,2022-07-27,381.133
4057,SPY,2022-07-28,385.9132
4058,SPY,2022-07-29,391.5393
4059,SPY,2022-08-01,390.3799
4060,SPY,2022-08-02,387.8044
4061,SPY,2022-08-03,393.8773
4062,SPY,2022-08-04,393.6111
4063,SPY,2022-08-05,392.9459
4064,SPY,2022-08-08,392.4897
4065,SPY,2022-08-09,390.9312
4066,SPY,2022-08-10,399.1423
4067,SPY,2022-08-11,399.1423
4068,SPY,2022-08-12,405.8994
4069,SPY,2022-08-15,407.572
4070,SPY,2022-08-16,408.3702
4071,SPY,2022-08-17,405.4716
4072,SPY,2022-08-18,406.6502
4073,SPY,2022-08-19,401.1855
4074,SPY,2022-08-22,392.8319
4075,SPY,2022-08-23,391.8815
4076,SPY,2022-08-24,393.136
4077,SPY,2022-08-25,398.6861
4078,SPY,2022-08-26,385.191
4079,SPY,2022-08-29,382.644
4080,SPY,2022-08-30,378.4434
4081,SPY,2022-08-31,375.5638
4082,SPY,2022-09-01,376.7422
4083,SPY,2022-09-02,372.7697
4084,SPY,2022-09-06,371.3632
4085,SPY,2022-09-07,378.0348
4086,SPY,2022-09-08,380.5057
4087,SPY,2022-09-09,386.4169
4088,SPY,2022-09-12,390.57
4089,SPY,2022-09-13,373.5871
4090,SPY,2022-09-14,375.0126
4091,SPY,2022-09-15,370.755
4092,SPY,2022-09-16,367.9265
4093,SPY,2022-09-19,370.7798
4094,SPY,2022-09-20,366.5237
4095,SPY,2022-09-21,360.1302
4096,SPY,2022-09-22,357.1051
4097,SPY,2022-09-23,351.1219
4098,SPY,2022-09-26,347.6484
4099,SPY,2022-09-27,346.7609
4100,SPY,2022-09-28,353.584
4101,SPY,2022-09-29,346.1979
4102,SPY,2022-09-30,340.8445
4103,SPY,2022-10-03,349.8432
4104,SPY,2022-10-04,360.6837
4105,SPY,2022-10-05,359.8439
4106,SPY,2022-10-06,356.1319
4107,SPY,2022-10-07,346.1979
4108,SPY,2022-10-10,343.5546
4109,SPY,2022-10-11,341.3788
4110,SPY,2022-10-12,340.2528
4111,SPY,2022-10-13,349.2325
4112,SPY,2022-10-14,341.2739
4113,SPY,2022-10-17,350.0435
4114,SPY,2022-10-18,354.1565
4115,SPY,2022-10-19,351.6467
4116,SPY,2022-10-20,348.698
4117,SPY,2022-10-21,357.1719
4118,SPY,2022-10-24,361.5425
4119,SPY,2022-10-25,367.3158
4120,SPY,2022-10-26,364.5484
4121,SPY,2022-10-27,362.6017
4122,SPY,2022-10-28,371.2282
4123,SPY,2022-10-31,368.5468
4124,SPY,2022-11-01,366.9341
4125,SPY,2022-11-02,357.7254
4126,SPY,2022-11-03,354.0421
4127,SPY,2022-11-04,359.1377
4128,SPY,2022-11-07,362.5731
4129,SPY,2022-11-08,364.5293
4130,SPY,2022-11-09,357.0193
4131,SPY,2022-11-10,376.639
4132,SPY,2022-11-11,380.2842
4133,SPY,2022-11-14,377.0493
4134,SPY,2022-11-15,380.2652
4135,SPY,2022-11-16,377.3642
4136,SPY,2022-11-17,376.2096
4137,SPY,2022-11-18,377.9176
4138,SPY,2022-11-21,376.5436
4139,SPY,2022-11-22,381.6107
4140,SPY,2022-11-23,384.0154
4141,SPY,2022-11-25,383.9296
4142,SPY,2022-11-28,377.8032
4143,SPY,2022-11-29,377.1543
4144,SPY,2022-11-30,389.0349
4145,SPY,2022-12-01,388.7486
4146,SPY,2022-12-02,388.3001
4147,SPY,2022-12-05,381.3148
4148,SPY,2022-12-06,375.8183
4149,SPY,2022-12-07,375.1789
4150,SPY,2022-12-08,378.118
4151,SPY,2022-12-09,375.2935
4152,SPY,2022-12-12,380.7042
4153,SPY,2022-12-13,383.586
4154,SPY,2022-12-14,381.1335
4155,SPY,2022-12-15,371.8104
4156,SPY,2022-12-16,367.4207
4157,SPY,2022-12-19,364.3052
4158,SPY,2022-12-20,364.8036
4159,SPY,2022-12-21,370.2583
4160,SPY,2022-12-22,364.9761
4161,SPY,2022-12-23,367.0757
4162,SPY,2022-12-27,365.628
4163,SPY,2022-12-28,361.0841
4164,SPY,2022-12-29,367.5837
4165,SPY,2022-12-30,366.6154
4166,SPY,2023-01-03,365.0721
4167,SPY,2023-01-04,367.8904
4168,SPY,2023-01-05,363.6916
4169,SPY,2023-01-06,372.0319
4170,SPY,2023-01-09,371.8209
4171,SPY,2023-01-10,374.4284
4172,SPY,2023-01-11,379.1642
4173,SPY,2023-01-12,380.5446
4174,SPY,2023-01-13,382.0209
4175,SPY,2023-01-17,381.3211
4176,SPY,2023-01-18,375.3008
4177,SPY,2023-01-19,372.5687
4178,SPY,2023-01-20,379.5092
4179,SPY,2023-01-23,384.0629
4180,SPY,2023-01-24,383.6507
4181,SPY,2023-01-25,383.7945
4182,SPY,2023-01-26,388.0125
4183,SPY,2023-01-27,388.904
4184,SPY,2023-01-30,384.0245
4185,SPY,2023-01-31,389.6709
4186,SPY,2023-02-01,393.8123
4187,SPY,2023-02-02,399.545
4188,SPY,2023-02-03,395.2982
4189,SPY,2023-02-06,392.8824
4190,SPY,2023-02-07,398.0208
4191,SPY,2023-02-08,393.6685
4192,SPY,2023-02-09,390.2557
4193,SPY,2023-02-10,391.1664
4194,SPY,2023-02-13,395.7583
4195,SPY,2023-02-14,395.5763
4196,SPY,2023-02-15,396.8607
4197,SPY,2023-02-16,391.3965
4198,SPY,2023-02-17,390.4187
4199,SPY,2023-02-21,382.5865
4200,SPY,2023-02-22,382.0593
4201,SPY,2023-02-23,384.0916
4202,SPY,2023-02-24,379.9886
4203,SPY,2023-02-27,381.2827
4204,SPY,2023-02-28,379.8736
4205,SPY,2023-03-01,378.4164
4206,SPY,2023-03-02,381.3594
4207,SPY,2023-03-03,387.4756
4208,SPY,2023-03-06,387.7441
4209,SPY,2023-03-07,381.8004
4210,SPY,2023-03-08,382.4236
4211,SPY,2023-03-09,375.3679
4212,SPY,2023-03-10,369.9515
4213,SPY,2023-03-13,369.4243
4214,SPY,2023-03-14,375.5309
4215,SPY,2023-03-15,373.1823
4216,SPY,2023-03-16,379.7298
4217,SPY,2023-03-17,375.2897
4218,SPY,2023-03-20,378.8983
4219,SPY,2023-03-21,383.8735
4220,SPY,2023-03-22,377.3298
4221,SPY,2023-03-23,378.3498
4222,SPY,2023-03-24,380.8326
4223,SPY,2023-03-27,381.5447
4224,SPY,2023-03-28,380.6883
4225,SPY,2023-03-29,386.2215
4226,SPY,2023-03-30,388.483
4227,SPY,2023-03-31,393.9585
4228,SPY,2023-04-03,395.4597
4229,SPY,2023-04-04,393.2656
4230,SPY,2023-04-05,392.2359
4231,SPY,2023-04-06,393.766
4232,SPY,2023-04-10,394.1701
4233,SPY,2023-04-11,394.276
4234,SPY,2023-04-12,392.6689
4235,SPY,2023-04-13,397.8846
4236,SPY,2023-04-14,396.9128
4237,SPY,2023-04-17,398.3369
4238,SPY,2023-04-18,398.5967
4239,SPY,2023-04-19,398.5294
4240,SPY,2023-04-20,396.3546
4241,SPY,2023-04-21,396.6625
4242,SPY,2023-04-24,397.0763
4243,SPY,2023-04-25,390.7732
4244,SPY,2023-04-26,389.1181
4245,SPY,2023-04-27,396.8645
4246,SPY,2023-04-28,400.252
4247,SPY,2023-05-01,399.8478
4248,SPY,2023-05-02,395.3538
4249,SPY,2023-05-03,392.6401
4250,SPY,2023-05-04,389.859
4251,SPY,2023-05-05,397.0763
4252,SPY,2023-05-08,397.1822
4253,SPY,2023-05-09,395.4404
4254,SPY,2023-05-10,397.288
4255,SPY,2023-05-11,396.5952
4256,SPY,2023-05-12,396.0755
4257,SPY,2023-05-15,397.442
4258,SPY,2023-05-16,394.786
4259,SPY,2023-05-17,399.5783
4260,SPY,2023-05-18,403.4276
4261,SPY,2023-05-19,402.8405
4262,SPY,2023-05-22,403.0041
4263,SPY,2023-05-23,398.4813
4264,SPY,2023-05-24,395.5943
4265,SPY,2023-05-25,399.0201
4266,SPY,2023-05-26,404.1878
4267,SPY,2023-05-30,404.3417
4268,SPY,2023-05-31,402.0995
4269,SPY,2023-06-01,405.9199
4270,SPY,2023-06-02,411.7899
4271,SPY,2023-06-05,411.0009
4272,SPY,2023-06-06,411.8958
4273,SPY,2023-06-07,410.4716
4274,SPY,2023-06-08,412.9543
4275,SPY,2023-06-09,413.6953
4276,SPY,2023-06-12,417.4483
4277,SPY,2023-06-13,420.2005
4278,SPY,2023-06-14,420.7009
4279,SPY,2023-06-15,425.9166
4280,SPY,2023-06-16,424.4659
4281,SPY,2023-06-20,422.2636
4282,SPY,2023-06-21,420.1001
4283,SPY,2023-06-22,421.6165
4284,SPY,2023-06-23,418.4291
4285,SPY,2023-06-26,416.7195
4286,SPY,2023-06-27,421.2881
4287,SPY,2023-06-28,421.5006
4288,SPY,2023-06-29,423.1619
4289,SPY,2023-06-30,428.1556
4290,SPY,2023-07-03,428.6481
4291,SPY,2023-07-05,428.0107
4292,SPY,2023-07-06,424.6591
4293,SPY,2023-07-07,423.5869
4294,SPY,2023-07-10,424.6591
4295,SPY,2023-07-11,427.3635
4296,SPY,2023-07-12,430.802
4297,SPY,2023-07-13,434.2213
4298,SPY,2023-07-14,433.9508
4299,SPY,2023-07-17,435.4576
4300,SPY,2023-07-18,438.6933
4301,SPY,2023-07-19,439.6688
4302,SPY,2023-07-20,436.7518
4303,SPY,2023-07-21,436.7518
4304,SPY,2023-07-24,438.7029
4305,SPY,2023-07-25,439.9007
4306,SPY,2023-07-26,439.9683
4307,SPY,2023-07-27,437.0513
4308,SPY,2023-07-28,441.3301
4309,SPY,2023-07-31,442.1705
4310,SPY,2023-08-01,440.9052
4311,SPY,2023-08-02,434.7718
4312,SPY,2023-08-03,433.5258
4313,SPY,2023-08-04,431.5651
4314,SPY,2023-08-07,435.332
4315,SPY,2023-08-08,433.4389
4316,SPY,2023-08-09,430.5412
4317,SPY,2023-08-10,430.6958
4318,SPY,2023-08-11,430.4446
4319,SPY,2023-08-14,432.8207
4320,SPY,2023-08-15,427.7788
4321,SPY,2023-08-16,424.6397
4322,SPY,2023-08-17,421.4041
4323,SPY,2023-08-18,421.6069
4324,SPY,2023-08-21,424.35
4325,SPY,2023-08-22,423.2005
4326,SPY,2023-08-23,427.9141
4327,SPY,2023-08-24,421.9836
4328,SPY,2023-08-25,424.9584
4329,SPY,2023-08-28,427.6533
4330,SPY,2023-08-29,433.8349
4331,SPY,2023-08-30,435.6218
4332,SPY,2023-08-31,434.9843
4333,SPY,2023-09-01,435.7956
4334,SPY,2023-09-05,433.9122
4335,SPY,2023-09-06,430.9952
4336,SPY,2023-09-07,429.672
4337,SPY,2023-09-08,430.3191
4338,SPY,2023-09-11,433.1491
4339,SPY,2023-09-12,430.7731
4340,SPY,2023-09-13,431.2753
4341,SPY,2023-09-14,434.994
4342,SPY,2023-09-15,429.7531
4343,SPY,2023-09-18,430.0051
4344,SPY,2023-09-19,429.1133
4345,SPY,2023-09-20,425.1683
4346,SPY,2023-09-21,418.141
4347,SPY,2023-09-22,417.2008
4348,SPY,2023-09-25,418.9552
4349,SPY,2023-09-26,412.8002
4350,SPY,2023-09-27,412.9649
4351,SPY,2023-09-28,415.3591
4352,SPY,2023-09-29,414.351
4353,SPY,2023-10-02,414.1862
4354,SPY,2023-10-03,408.6419
4355,SPY,2023-10-04,411.6177
4356,SPY,2023-10-05,411.4626
4357,SPY,2023-10-06,416.3478
4358,SPY,2023-10-09,419.0133
4359,SPY,2023-10-10,421.1943
4360,SPY,2023-10-11,422.9196
4361,SPY,2023-10-12,420.3413
4362,SPY,2023-10-13,418.2476
4363,SPY,2023-10-16,422.6481
4364,SPY,2023-10-17,422.6287
4365,SPY,2023-10-18,416.9972
4366,SPY,2023-10-19,413.3333
4367,SPY,2023-10-20,408.2542
4368,SPY,2023-10-23,407.5466
4369,SPY,2023-10-24,410.6193
4370,SPY,2023-10-25,404.726
4371,SPY,2023-10-26,399.8796
4372,SPY,2023-10-27,398.067
4373,SPY,2023-10-30,402.8262
4374,SPY,2023-10-31,405.3561
4375,SPY,2023-11-01,409.6791
4376,SPY,2023-11-02,417.5303
4377,SPY,2023-11-03,421.3396
4378,SPY,2023-11-06,422.3089
4379,SPY,2023-11-07,423.5108
4380,SPY,2023-11-08,423.821
4381,SPY,2023-11-09,420.5157
4382,SPY,2023-11-10,427.0778
4383,SPY,2023-11-13,426.6707
4384,SPY,2023-11-14,434.9484
4385,SPY,2023-11-15,435.8692
4386,SPY,2023-11-16,436.4024
4387,SPY,2023-11-17,436.9451
4388,SPY,2023-11-20,440.3086
4389,SPY,2023-11-21,439.349
4390,SPY,2023-11-22,441.0452
4391,SPY,2023-11-24,441.3166
4392,SPY,2023-11-27,440.5218
4393,SPY,2023-11-28,440.958
4394,SPY,2023-11-29,440.6478
4395,SPY,2023-11-30,442.3828
4396,SPY,2023-12-01,444.9999
4397,SPY,2023-12-04,442.664
4398,SPY,2023-12-05,442.5767
4399,SPY,2023-12-06,440.7932
4400,SPY,2023-12-07,444.1566
4401,SPY,2023-12-08,446.0661
4402,SPY,2023-12-11,447.8011
4403,SPY,2023-12-12,449.8464
4404,SPY,2023-12-13,456.0498
4405,SPY,2023-12-14,457.5134
4406,SPY,2023-12-15,456.7601
4407,SPY,2023-12-18,459.3295
4408,SPY,2023-12-19,462.1226
4409,SPY,2023-12-20,455.7188
4410,SPY,2023-12-21,460.0399
4411,SPY,2023-12-22,460.9644
4412,SPY,2023-12-26,462.9109
4413,SPY,2023-12-27,463.7479
4414,SPY,2023-12-28,463.9231
4415,SPY,2023-12-29,462.58
4416,SPY,2024-01-02,459.9912
4417,SPY,2024-01-03,456.2346
4418,SPY,2024-01-04,454.765
4419,SPY,2024-01-05,455.3879
4420,SPY,2024-01-08,461.8889
4421,SPY,2024-01-09,461.1883
4422,SPY,2024-01-10,463.7965
4423,SPY,2024-01-11,463.5921
4424,SPY,2024-01-12,463.9133
4425,SPY,2024-01-16,462.2102
4426,SPY,2024-01-17,459.6409
4427,SPY,2024-01-18,463.7284
4428,SPY,2024-01-19,469.5093
4429,SPY,2024-01-22,470.502
4430,SPY,2024-01-23,471.8742
4431,SPY,2024-01-24,472.39
4432,SPY,2024-01-25,474.9593
4433,SPY,2024-01-26,474.3559
4434,SPY,2024-01-29,478.1125
4435,SPY,2024-01-30,477.7427
4436,SPY,2024-01-31,469.9472
4437,SPY,2024-02-01,476.098
4438,SPY,2024-02-02,481.11
4439,SPY,2024-02-05,479.3583
4440,SPY,2024-02-06,480.7499
4441,SPY,2024-02-07,484.7596
4442,SPY,2024-02-08,484.9737
4443,SPY,2024-02-09,487.7766
4444,SPY,2024-02-12,487.5624
4445,SPY,2024-02-13,480.8473
4446,SPY,2024-02-14,485.217
4447,SPY,2024-02-15,488.5649
4448,SPY,2024-02-16,486.1319
4449,SPY,2024-02-20,483.4555
4450,SPY,2024-02-21,483.8934
4451,SPY,2024-02-22,493.9079
4452,SPY,2024-02-23,494.2484
4453,SPY,2024-02-26,492.4383
4454,SPY,2024-02-27,493.3531
4455,SPY,2024-02-28,492.701
4456,SPY,2024-02-29,494.4723
4457,SPY,2024-03-01,499.1145
4458,SPY,2024-03-04,498.5793
4459,SPY,2024-03-05,493.5964
4460,SPY,2024-03-06,496.0976
4461,SPY,2024-03-07,501.022
4462,SPY,2024-03-08,498.0148
4463,SPY,2024-03-11,497.5866
4464,SPY,2024-03-12,502.9394
4465,SPY,2024-03-13,502.1509
4466,SPY,2024-03-14,501.1583
4467,SPY,2024-03-15,497.717
4468,SPY,2024-03-18,500.675
4469,SPY,2024-03-19,503.4574
4470,SPY,2024-03-20,508.114
4471,SPY,2024-03-21,509.7932
4472,SPY,2024-03-22,508.8267
4473,SPY,2024-03-25,507.421
4474,SPY,2024-03-26,506.4838
4475,SPY,2024-03-27,510.7401
4476,SPY,2024-03-28,510.6425
4477,SPY,2024-04-01,509.7541
4478,SPY,2024-04-02,506.5131
4479,SPY,2024-04-03,507.0695
4480,SPY,2024-04-04,500.8801
4481,SPY,2024-04-05,506.1127
4482,SPY,2024-04-08,506.3958
4483,SPY,2024-04-09,506.9816
4484,SPY,2024-04-10,501.9051
4485,SPY,2024-04-11,505.693
4486,SPY,2024-04-12,498.7128
4487,SPY,2024-04-15,492.4649
4488,SPY,2024-04-16,491.5667
4489,SPY,2024-04-17,488.6575
4490,SPY,2024-04-18,487.652
4491,SPY,2024-04-19,483.3956
4492,SPY,2024-04-22,487.8473
4493,SPY,2024-04-23,493.6364
4494,SPY,2024-04-24,493.4021
4495,SPY,2024-04-25,491.5277
4496,SPY,2024-04-26,496.1844
4497,SPY,2024-04-29,497.9416
4498,SPY,2024-04-30,490.0536
4499,SPY,2024-05-01,488.4623
4500,SPY,2024-05-02,493.0311
4501,SPY,2024-05-03,499.1424
4502,SPY,2024-05-06,504.2969
4503,SPY,2024-05-07,504.8534
4504,SPY,2024-05-08,504.9021
4505,SPY,2024-05-09,507.8113
4506,SPY,2024-05-10,508.4655
4507,SPY,2024-05-13,508.5338
4508,SPY,2024-05-14,510.867
4509,SPY,2024-05-15,517.1931
4510,SPY,2024-05-16,516.129
4511,SPY,2024-05-17,516.8709
4512,SPY,2024-05-20,517.4664
4513,SPY,2024-05-21,518.7356
4514,SPY,2024-05-22,517.2419
4515,SPY,2024-05-23,513.4639
4516,SPY,2024-05-24,516.8612
4517,SPY,2024-05-28,517.2224
4518,SPY,2024-05-29,513.6005
4519,SPY,2024-05-30,510.1935
4520,SPY,2024-05-31,514.8403
4521,SPY,2024-06-03,515.2601
4522,SPY,2024-06-04,515.8361
4523,SPY,2024-06-05,521.9669
4524,SPY,2024-06-06,521.9572
4525,SPY,2024-06-07,521.3226
4526,SPY,2024-06-10,522.9334
4527,SPY,2024-06-11,524.1927
4528,SPY,2024-06-12,528.4979
4529,SPY,2024-06-13,529.5621
4530,SPY,2024-06-14,529.8843
4531,SPY,2024-06-17,534.1016
4532,SPY,2024-06-18,535.4586
4533,SPY,2024-06-20,534.004
4534,SPY,2024-06-21,533.288
4535,SPY,2024-06-24,531.5545
4536,SPY,2024-06-25,533.6015
4537,SPY,2024-06-26,534.2673
4538,SPY,2024-06-27,535.1097
4539,SPY,2024-06-28,533.004
4540,SPY,2024-07-01,534.101
4541,SPY,2024-07-02,537.6953
4542,SPY,2024-07-03,540.0948
4543,SPY,2024-07-05,543.2093
4544,SPY,2024-07-08,543.8361
4545,SPY,2024-07-09,544.3649
4546,SPY,2024-07-10,549.7516
4547,SPY,2024-07-11,545.0114
4548,SPY,2024-07-12,548.449
4549,SPY,2024-07-15,549.9573
4550,SPY,2024-07-16,553.2185
4551,SPY,2024-07-17,545.4619
4552,SPY,2024-07-18,541.27
4553,SPY,2024-07-19,537.6757
4554,SPY,2024-07-22,543.2191
4555,SPY,2024-07-23,542.367
4556,SPY,2024-07-24,530.0756
4557,SPY,2024-07-25,527.3137
4558,SPY,2024-07-26,533.2194
4559,SPY,2024-07-29,533.5328
4560,SPY,2024-07-30,530.8298
4561,SPY,2024-07-31,539.4583
4562,SPY,2024-08-01,531.819
4563,SPY,2024-08-02,521.9174
4564,SPY,2024-08-05,506.7172
4565,SPY,2024-08-06,511.3889
4566,SPY,2024-08-07,507.9708
4567,SPY,2024-08-08,519.7137
4568,SPY,2024-08-09,522.0055
4569,SPY,2024-08-12,522.2797
4570,SPY,2024-08-13,530.869
4571,SPY,2024-08-14,532.5437
4572,SPY,2024-08-15,541.6716
4573,SPY,2024-08-16,542.8861
4574,SPY,2024-08-19,548.0768
4575,SPY,2024-08-20,547.1856
4576,SPY,2024-08-21,549.0661
4577,SPY,2024-08-22,544.7567
4578,SPY,2024-08-23,550.5449
4579,SPY,2024-08-26,549.2325
4580,SPY,2024-08-27,549.9866
4581,SPY,2024-08-28,546.7938
4582,SPY,2024-08-29,546.8428
4583,SPY,2024-08-30,552.063
4584,SPY,2024-09-03,540.702
4585,SPY,2024-09-04,539.5953
4586,SPY,2024-09-05,538.283
4587,SPY,2024-09-06,529.2236
4588,SPY,2024-09-09,535.1488
4589,SPY,2024-09-10,537.4798
4590,SPY,2024-09-11,542.9938
4591,SPY,2024-09-12,547.5675
4592,SPY,2024-09-13,550.4274
4593,SPY,2024-09-16,551.2403
4594,SPY,2024-09-17,551.4656
4595,SPY,2024-09-18,549.83
4596,SPY,2024-09-19,559.2125
4597,SPY,2024-09-20,558.2458
4598,SPY,2024-09-23,559.6408
4599,SPY,2024-09-24,561.2421
4600,SPY,2024-09-25,560.0042
4601,SPY,2024-09-26,562.2245
4602,SPY,2024-09-27,561.4091
4603,SPY,2024-09-30,563.6589
4604,SPY,2024-10-01,558.6093
4605,SPY,2024-10-02,558.8451
4606,SPY,2024-10-03,557.8233
4607,SPY,2024-10-04,562.8925
4608,SPY,2024-10-07,557.8036
4609,SPY,2024-10-08,563.0792
4610,SPY,2024-10-09,566.9794
4611,SPY,2024-10-10,565.9871
4612,SPY,2024-10-11,569.3763
4613,SPY,2024-10-14,574.033
4614,SPY,2024-10-15,569.5729
4615,SPY,2024-10-16,572.0484
4616,SPY,2024-10-17,572.0975
4617,SPY,2024-10-18,574.2981
4618,SPY,2024-10-21,573.355
4619,SPY,2024-10-22,573.0505
4620,SPY,2024-10-23,567.8143
4621,SPY,2024-10-24,569.0424
4622,SPY,2024-10-25,568.8458
4623,SPY,2024-10-28,570.6044
4624,SPY,2024-10-29,571.5279
4625,SPY,2024-10-30,569.7988
4626,SPY,2024-10-31,558.629
4627,SPY,2024-11-01,560.9866
4628,SPY,2024-11-04,559.7784
4629,SPY,2024-11-05,566.5471
4630,SPY,2024-11-06,580.6346
4631,SPY,2024-11-07,585.1241
4632,SPY,2024-11-08,587.6587
4633,SPY,2024-11-11,588.2186
4634,SPY,2024-11-12,586.3915
4635,SPY,2024-11-13,586.6764
4636,SPY,2024-11-14,582.9039
4637,SPY,2024-11-15,575.4378
4638,SPY,2024-11-18,577.7955
4639,SPY,2024-11-19,579.9077
4640,SPY,2024-11-20,580.1041
4641,SPY,2024-11-21,583.2182
4642,SPY,2024-11-22,585.0259
4643,SPY,2024-11-25,587.0104
4644,SPY,2024-11-26,590.0754
4645,SPY,2024-11-27,588.2875
4646,SPY,2024-11-29,591.942
4647,SPY,2024-12-02,593.0029
4648,SPY,2024-12-03,593.278
4649,SPY,2024-12-04,596.962
4650,SPY,2024-12-05,595.9796
4651,SPY,2024-12-06,597.1094
4652,SPY,2024-12-09,594.0345
4653,SPY,2024-12-10,592.1876
4654,SPY,2024-12-11,596.7655
4655,SPY,2024-12-12,593.6906
4656,SPY,2024-12-13,593.5728
4657,SPY,2024-12-16,596.1073
4658,SPY,2024-12-17,593.6514
4659,SPY,2024-12-18,575.9585
4660,SPY,2024-12-19,575.7816
4661,SPY,2024-12-20,582.6973
4662,SPY,2024-12-23,586.1867
4663,SPY,2024-12-24,592.7021
4664,SPY,2024-12-26,592.7416
4665,SPY,2024-12-27,586.5021
4666,SPY,2024-12-30,579.8092
4667,SPY,2024-12-31,577.6998
4668,SPY,2025-01-02,576.2803
4669,SPY,2025-01-03,583.4858
4670,SPY,2025-01-06,586.847
4671,SPY,2025-01-07,580.2133
4672,SPY,2025-01-08,581.061
4673,SPY,2025-01-10,572.1897
4674,SPY,2025-01-13,573.0768
4675,SPY,2025-01-14,573.8653
4676,SPY,2025-01-15,584.304
4677,SPY,2025-01-16,583.1802
4678,SPY,2025-01-17,589.0354
4679,SPY,2025-01-21,594.4271
4680,SPY,2025-01-22,597.7687
4681,SPY,2025-01-23,601.0314
4682,SPY,2025-01-24,599.2767
4683,SPY,2025-01-27,590.7997
4684,SPY,2025-01-28,595.8761
4685,SPY,2025-01-29,593.2048
4686,SPY,2025-01-30,596.3886
4687,SPY,2025-01-31,593.2147
4688,SPY,2025-02-03,589.2227
4689,SPY,2025-02-04,593.1753
4690,SPY,2025-02-05,595.5804
4691,SPY,2025-02-06,597.6503
4692,SPY,2025-02-07,592.1797
4693,SPY,2025-02-10,596.2014
4694,SPY,2025-02-11,596.6548
4695,SPY,2025-02-12,594.7327
4696,SPY,2025-02-13,601.0117
4697,SPY,2025-02-14,600.9821
4698,SPY,2025-02-18,602.7465
4699,SPY,2025-02-19,604.1659
4700,SPY,2025-02-20,601.6523
4701,SPY,2025-02-21,591.3616
4702,SPY,2025-02-24,588.6706
4703,SPY,2025-02-25,585.7431
4704,SPY,2025-02-26,586.0388
4705,SPY,2025-02-27,576.6844
4706,SPY,2025-02-28,585.6839
4707,SPY,2025-03-03,575.4228
4708,SPY,2025-03-04,568.6115
4709,SPY,2025-03-05,574.723
4710,SPY,2025-03-06,564.5209
4711,SPY,2025-03-07,567.685
4712,SPY,2025-03-10,552.5644
4713,SPY,2025-03-11,547.971
4714,SPY,2025-03-12,550.8788
4715,SPY,2025-03-13,543.5353
4716,SPY,2025-03-14,554.7625
4717,SPY,2025-03-17,559.0404
4718,SPY,2025-03-18,552.998
4719,SPY,2025-03-19,559.0207
4720,SPY,2025-03-20,557.4042
4721,SPY,2025-03-21,557.5881
4722,SPY,2025-03-24,567.5736
4723,SPY,2025-03-25,568.9379
4724,SPY,2025-03-26,562.1458
4725,SPY,2025-03-27,560.6529
4726,SPY,2025-03-28,549.3623
4727,SPY,2025-03-31,553.0501
4728,SPY,2025-04-01,554.6121
4729,SPY,2025-04-02,558.1219
4730,SPY,2025-04-03,530.6172
4731,SPY,2025-04-04,499.5533
4732,SPY,2025-04-07,498.6636
4733,SPY,2025-04-08,490.8531
4734,SPY,2025-04-09,542.4022
4735,SPY,2025-04-10,518.6346
4736,SPY,2025-04-11,527.8885
4737,SPY,2025-04-14,533.0098
4738,SPY,2025-04-15,531.517
4739,SPY,2025-04-16,519.7023
4740,SPY,2025-04-17,520.4438
4741,SPY,2025-04-21,508.0558
4742,SPY,2025-04-22,521.2744
4743,SPY,2025-04-23,529.3517
4744,SPY,2025-04-24,540.494
4745,SPY,2025-04-25,544.3993
4746,SPY,2025-04-28,544.6069
4747,SPY,2025-04-29,548.0375
4748,SPY,2025-04-30,548.2551
4749,SPY,2025-05-01,552.1405
4750,SPY,2025-05-02,560.3365
4751,SPY,2025-05-05,557.1234
4752,SPY,2025-05-06,552.4668
4753,SPY,2025-05-07,554.7901
4754,SPY,2025-05-08,558.6558
4755,SPY,2025-05-09,557.944
4756,SPY,2025-05-12,576.3826
4757,SPY,2025-05-13,580.189
4758,SPY,2025-05-14,580.9304
4759,SPY,2025-05-15,583.7679
4760,SPY,2025-05-16,587.4656
4761,SPY,2025-05-19,588.1082
4762,SPY,2025-05-20,586.1308
4763,SPY,2025-05-21,576.2541
4764,SPY,2025-05-22,576.4815
4765,SPY,2025-05-23,572.5466
4766,SPY,2025-05-27,584.4501
4767,SPY,2025-05-28,581.0688
4768,SPY,2025-05-29,583.3625
4769,SPY,2025-05-30,582.7101
4770,SPY,2025-06-02,585.9925
4771,SPY,2025-06-03,589.3341
4772,SPY,2025-06-04,589.176
4773,SPY,2025-06-05,586.3286
4774,SPY,2025-06-06,592.3495
4775,SPY,2025-06-09,592.8834
4776,SPY,2025-06-10,596.2449
4777,SPY,2025-06-11,594.5444
4778,SPY,2025-06-12,596.9072
4779,SPY,2025-06-13,590.2338
4780,SPY,2025-06-16,595.8495
4781,SPY,2025-06-17,590.7578
4782,SPY,2025-06-18,590.6688
4783,SPY,2025-06-20,589.2816
4784,SPY,2025-06-23,595.1022
4785,SPY,2025-06-24,601.6765
4786,SPY,2025-06-25,602.0136
4787,SPY,2025-06-26,606.7237
4788,SPY,2025-06-27,609.7381
4789,SPY,2025-06-30,612.6534
4790,SPY,2025-07-01,612.4551
4791,SPY,2025-07-02,615.2315
4792,SPY,2025-07-03,620.0804
4793,SPY,2025-07-07,615.4596
4794,SPY,2025-07-08,615.1224
4795,SPY,2025-07-09,618.8111
4796,SPY,2025-07-10,620.5563
4797,SPY,2025-07-11,618.3748
4798,SPY,2025-07-14,619.5547
4799,SPY,2025-07-15,616.9073
4800,SPY,2025-07-16,618.9697
4801,SPY,2025-07-17,622.7576
4802,SPY,2025-07-18,622.3015
4803,SPY,2025-07-21,623.4815
4804,SPY,2025-07-22,623.5707
4805,SPY,2025-07-23,628.8758
4806,SPY,2025-07-24,629.084
4807,SPY,2025-07-25,631.7414
4808,SPY,2025-07-28,631.5828
4809,SPY,2025-07-29,629.9169
4810,SPY,2025-07-30,629.1237
4811,SPY,2025-07-31,626.7637
4812,SPY,2025-08-01,616.4908
4813,SPY,2025-08-04,625.8613
4814,SPY,2025-08-05,622.6882
4815,SPY,2025-08-06,627.4578
4816,SPY,2025-08-07,626.9322
4817,SPY,2025-08-08,631.8208
4818,SPY,2025-08-11,630.5714
4819,SPY,2025-08-12,637.2845
4820,SPY,2025-08-13,639.4659
4821,SPY,2025-08-14,639.5255
4822,SPY,2025-08-15,638.0281
4823,SPY,2025-08-18,637.8893
4824,SPY,2025-08-19,634.4286
4825,SPY,2025-08-20,632.7429
4826,SPY,2025-08-21,630.2045
4827,SPY,2025-08-22,639.8824
4828,SPY,2025-08-25,637.0662
4829,SPY,2025-08-26,639.7336
4830,SPY,2025-08-27,641.1913
4831,SPY,2025-08-28,643.462
4832,SPY,2025-08-29,639.6246
4833,SPY,2025-09-02,634.8848
4834,SPY,2025-09-03,638.3256
4835,SPY,2025-09-04,643.6603
4836,SPY,2025-09-05,641.7961
4837,SPY,2025-09-08,643.3727
4838,SPY,2025-09-09,644.8602
4839,SPY,2025-09-10,646.7244
4840,SPY,2025-09-11,652.0988
4841,SPY,2025-09-12,651.8806
4842,SPY,2025-09-15,655.3511
4843,SPY,2025-09-16,654.4488
4844,SPY,2025-09-17,653.6357
4845,SPY,2025-09-18,656.6899
4846,SPY,2025-09-19,659.9423
4847,SPY,2025-09-22,663.0646
4848,SPY,2025-09-23,659.4551
4849,SPY,2025-09-24,657.357
4850,SPY,2025-09-25,654.3243
4851,SPY,2025-09-26,658.073
4852,SPY,2025-09-29,659.9224
4853,SPY,2025-09-30,662.4083
4854,SPY,2025-10-01,664.6654
4855,SPY,2025-10-02,665.431
4856,SPY,2025-10-03,665.4211
4857,SPY,2025-10-06,667.8075
4858,SPY,2025-10-07,665.3316
4859,SPY,2025-10-08,669.299
4860,SPY,2025-10-09,667.36
4861,SPY,2025-10-10,649.3228
4862,SPY,2025-10-13,659.286
4863,SPY,2025-10-14,658.4806
4864,SPY,2025-10-15,661.4039
4865,SPY,2025-10-16,656.8996
4866,SPY,2025-10-17,660.6284
4867,SPY,2025-10-20,667.4993
4868,SPY,2025-10-21,667.4893
4869,SPY,2025-10-22,664.0191
4870,SPY,2025-10-23,667.9567
4871,SPY,2025-10-24,673.4156
4872,SPY,2025-10-27,681.3604
4873,SPY,2025-10-28,683.17
4874,SPY,2025-10-29,683.4982
4875,SPY,2025-10-30,675.981
4876,SPY,2025-10-31,678.1983
4877,SPY,2025-11-03,679.4711
4878,SPY,2025-11-04,671.417
4879,SPY,2025-11-05,673.7437
4880,SPY,2025-11-06,666.5149
4881,SPY,2025-11-07,667.1711
4882,SPY,2025-11-10,677.5818
4883,SPY,2025-11-11,679.133
4884,SPY,2025-11-12,679.5109
4885,SPY,2025-11-13,668.2351
4886,SPY,2025-11-14,668.1257
4887,SPY,2025-11-17,661.9011
4888,SPY,2025-11-18,656.3428
4889,SPY,2025-11-19,658.8784
4890,SPY,2025-11-20,648.8356
4891,SPY,2025-11-21,655.2988
4892,SPY,2025-11-24,664.9438
4893,SPY,2025-11-25,671.1982
4894,SPY,2025-11-26,675.8318
4895,SPY,2025-11-28,679.5208
4896,SPY,2025-12-01,676.4185
4897,SPY,2025-12-02,677.6714
4898,SPY,2025-12-03,680.018
4899,SPY,2025-12-04,680.5151
4900,SPY,2025-12-05,681.8078
4901,SPY,2025-12-08,679.7595
4902,SPY,2025-12-09,679.1728
4903,SPY,2025-12-10,683.6772
4904,SPY,2025-12-11,685.2681
4905,SPY,2025-12-12,677.9001
4906,SPY,2025-12-15,676.8759
4907,SPY,2025-12-16,675.0264
4908,SPY,2025-12-17,667.5987
4909,SPY,2025-12-18,672.64
4910,SPY,2025-12-19,678.7364
4911,SPY,2025-12-22,682.9648
4912,SPY,2025-12-23,686.0863
4913,SPY,2025-12-24,688.4997
4914,SPY,2025-12-26,688.4299
4915,SPY,2025-12-29,685.9766
4916,SPY,2025-12-30,685.1389
4917,SPY,2025-12-31,680.0627
4918,SPY,2026-01-02,681.3093
4919,SPY,2026-01-05,685.8469
4920,SPY,2026-01-06,689.9258
4921,SPY,2026-01-07,687.7019
4922,SPY,2026-01-08,687.6321
4923,SPY,2026-01-09,692.1796
4924,SPY,2026-01-12,693.2667
4925,SPY,2026-01-13,691.8805
4926,SPY,2026-01-14,688.4797
4927,SPY,2026-01-15,690.3546
4928,SPY,2026-01-16,689.7762
4929,SPY,2026-01-20,675.7346
4930,SPY,2026-01-21,683.5333
4931,SPY,2026-01-22,687.1035
4932,SPY,2026-01-23,687.3528
4933,SPY,2026-01-26,690.8433
4934,SPY,2026-01-27,693.5958
4935,SPY,2026-01-28,693.5259
4936,SPY,2026-01-29,692.1497
4937,SPY,2026-01-30,690.0853
4938,SPY,2026-02-02,693.516
4939,SPY,2026-02-03,687.652
4940,SPY,2026-02-04,684.3211
4941,SPY,2026-02-05,675.7745
4942,SPY,2026-02-06,688.739
4943,SPY,2026-02-09,692.06
4944,SPY,2026-02-10,690.2349
4945,SPY,2026-02-11,690.0754
4946,SPY,2026-02-12,679.4146
4947,SPY,2026-02-13,679.8932
4948,SPY,2026-02-17,680.9902
4949,SPY,2026-02-18,684.4208
4950,SPY,2026-02-19,682.6157
4951,SPY,2026-02-20,687.5523
4952,SPY,2026-02-23,680.5315
4953,SPY,2026-02-24,685.4779
4954,SPY,2026-02-25,691.2622
4955,SPY,2026-02-26,687.4226
4956,SPY,2026-02-27,684.1216
4957,SPY,2026-03-02,684.5106
4958,SPY,2026-03-03,678.4771
4959,SPY,2026-03-04,683.264
4960,SPY,2026-03-05,679.4544
4961,SPY,2026-03-06,670.5487
4962,SPY,2026-03-09,676.4227
4963,SPY,2026-03-10,675.3356
4964,SPY,2026-03-11,674.488
4965,SPY,2026-03-12,664.2459
4966,SPY,2026-03-13,660.4862
4967,SPY,2026-03-16,667.2079
4968,SPY,2026-03-17,668.963
4969,SPY,2026-03-18,659.6285
4970,SPY,2026-03-19,658.003
4971,SPY,2026-03-20,648.57
4972,SPY,2026-03-23,655.38
4973,SPY,2026-03-24,653.18
4974,SPY,2026-03-25,656.82
4975,SPY,2026-03-26,645.09
4976,SPY,2026-03-27,634.09
4977,SPY,2026-03-30,631.97
4978,SPY,2026-03-31,650.34
4979,SPY,2026-04-01,655.24
4980,SPY,2026-04-02,655.83
4981,SPY,2026-04-06,658.93
4982,SPY,2026-04-07,659.22
4983,SPY,2026-04-08,676.01
4984,SPY,2026-04-09,679.91
4985,SPY,2026-04-10,679.46
4986,SPY,2026-04-13,686.1
4987,SPY,2026-04-14,694.46
4988,SPY,2026-04-15,699.94
4989,SPY,2026-04-16,701.66
4990,SPY,2026-04-17,710.14
4991,SPY,2026-04-20,708.72
4992,SPY,2026-04-21,704.08
4993,SPY,2026-04-22,711.21
4994,SPY,2026-04-23,708.45
4995,SPY,2026-04-24,713.94
4996,SPY,2026-04-27,715.17
4997,SPY,2026-04-28,711.69
4998,SPY,2026-04-29,711.58
4999,SPY,2026-04-30,718.66
5000,SPY,2026-05-01,720.65
5001,SPY,2026-05-04,718.01
5002,SPY,2026-05-05,723.77
5003,SPY,2026-05-06,733.83
5004,SPY,2026-05-07,731.58
5005,SPY,2026-05-08,737.62
5006,SPY,2026-05-11,739.3
5007,SPY,2026-05-12,738.18
5008,SPY,2026-05-13,742.31
5009,SPY,2026-05-14,748.17
5010,SPY,2026-05-15,739.17
5011,SPY,2026-05-18,738.65
5012,SPY,2026-05-19,733.73
5013,SPY,2026-05-20,741.25
5014,SPY,2026-05-21,742.72
5015,SPY,2026-05-22,745.64
5016,SPY,2026-05-26,750.59
5017,SPY,2026-05-27,750.46
5018,SPY,2026-05-28,754.6
5019,SPY,2026-05-29,756.48
5020,SPY,2026-06-01,758.54
5021,SPY,2026-06-02,759.57
5022,SPY,2026-06-03,754.24
5023,SPY,2026-06-04,757.09
5024,SPY,2026-06-05,737.55
5025,QQQ,2021-06-07,326.6469
5026,QQQ,2021-06-08,326.802
5027,QQQ,2021-06-09,326.8797
5028,QQQ,2021-06-10,330.286
5029,QQQ,2021-06-11,331.1495
5030,QQQ,2021-06-14,334.3228
5031,QQQ,2021-06-15,332.1394
5032,QQQ,2021-06-16,330.9264
5033,QQQ,2021-06-17,335.1284
5034,QQQ,2021-06-18,332.4985
5035,QQQ,2021-06-21,334.5649
5036,QQQ,2021-06-22,337.6837
5037,QQQ,2021-06-23,337.8488
5038,QQQ,2021-06-24,339.9377
5039,QQQ,2021-06-25,339.5199
5040,QQQ,2021-06-28,343.649
5041,QQQ,2021-06-29,344.8926
5042,QQQ,2021-06-30,344.3485
5043,QQQ,2021-07-01,344.4845
5044,QQQ,2021-07-02,348.4387
5045,QQQ,2021-07-06,349.9447
5046,QQQ,2021-07-07,350.6831
5047,QQQ,2021-07-08,348.5652
5048,QQQ,2021-07-09,350.7414
5049,QQQ,2021-07-12,352.1113
5050,QQQ,2021-07-13,352.1113
5051,QQQ,2021-07-14,352.7427
5052,QQQ,2021-07-15,350.2653
5053,QQQ,2021-07-16,347.4284
5054,QQQ,2021-07-19,344.5818
5055,QQQ,2021-07-20,348.5846
5056,QQQ,2021-07-21,351.2758
5057,QQQ,2021-07-22,353.5977
5058,QQQ,2021-07-23,357.7269
5059,QQQ,2021-07-26,358.0086
5060,QQQ,2021-07-27,354.0641
5061,QQQ,2021-07-28,355.4243
5062,QQQ,2021-07-29,356.0558
5063,QQQ,2021-07-30,354.2001
5064,QQQ,2021-08-02,354.2292
5065,QQQ,2021-08-03,356.3764
5066,QQQ,2021-08-04,356.8914
5067,QQQ,2021-08-05,359.1551
5068,QQQ,2021-08-06,357.5811
5069,QQQ,2021-08-09,358.2419
5070,QQQ,2021-08-10,356.4055
5071,QQQ,2021-08-11,355.7935
5072,QQQ,2021-08-12,357.0759
5073,QQQ,2021-08-13,358.3292
5074,QQQ,2021-08-16,358.4847
5075,QQQ,2021-08-17,355.3272
5076,QQQ,2021-08-18,351.9072
5077,QQQ,2021-08-19,353.6075
5078,QQQ,2021-08-20,357.2702
5079,QQQ,2021-08-23,362.6138
5080,QQQ,2021-08-24,363.7213
5081,QQQ,2021-08-25,364.1391
5082,QQQ,2021-08-26,361.8268
5083,QQQ,2021-08-27,365.3438
5084,QQQ,2021-08-30,369.4439
5085,QQQ,2021-08-31,369.1425
5086,QQQ,2021-09-01,369.7546
5087,QQQ,2021-09-02,369.5798
5088,QQQ,2021-09-03,370.7166
5089,QQQ,2021-09-07,371.2411
5090,QQQ,2021-09-08,369.949
5091,QQQ,2021-09-09,368.6762
5092,QQQ,2021-09-10,365.8783
5093,QQQ,2021-09-13,365.6256
5094,QQQ,2021-09-14,364.5861
5095,QQQ,2021-09-15,367.2968
5096,QQQ,2021-09-16,367.5493
5097,QQQ,2021-09-17,363.1967
5098,QQQ,2021-09-20,355.6919
5099,QQQ,2021-09-21,356.1296
5100,QQQ,2021-09-22,359.4559
5101,QQQ,2021-09-23,362.7727
5102,QQQ,2021-09-24,363.113
5103,QQQ,2021-09-27,360.2147
5104,QQQ,2021-09-28,350.0215
5105,QQQ,2021-09-29,349.4476
5106,QQQ,2021-09-30,348.1637
5107,QQQ,2021-10-01,350.3229
5108,QQQ,2021-10-04,342.9698
5109,QQQ,2021-10-05,347.5995
5110,QQQ,2021-10-06,349.8269
5111,QQQ,2021-10-07,353.0366
5112,QQQ,2021-10-08,351.2762
5113,QQQ,2021-10-11,348.582
5114,QQQ,2021-10-12,347.3661
5115,QQQ,2021-10-13,350.1479
5116,QQQ,2021-10-14,356.5964
5117,QQQ,2021-10-15,358.8431
5118,QQQ,2021-10-18,362.4516
5119,QQQ,2021-10-19,365.1945
5120,QQQ,2021-10-20,364.7179
5121,QQQ,2021-10-21,366.9452
5122,QQQ,2021-10-22,363.862
5123,QQQ,2021-10-25,367.5872
5124,QQQ,2021-10-26,368.7446
5125,QQQ,2021-10-27,369.6005
5126,QQQ,2021-10-28,373.705
5127,QQQ,2021-10-29,375.5432
5128,QQQ,2021-11-01,376.8272
5129,QQQ,2021-11-02,378.4028
5130,QQQ,2021-11-03,382.4198
5131,QQQ,2021-11-04,387.322
5132,QQQ,2021-11-05,387.6915
5133,QQQ,2021-11-08,387.1663
5134,QQQ,2021-11-09,384.5012
5135,QQQ,2021-11-10,378.8503
5136,QQQ,2021-11-11,379.9007
5137,QQQ,2021-11-12,383.8982
5138,QQQ,2021-11-15,383.8106
5139,QQQ,2021-11-16,386.5438
5140,QQQ,2021-11-17,386.748
5141,QQQ,2021-11-18,390.7553
5142,QQQ,2021-11-19,392.9341
5143,QQQ,2021-11-22,388.3723
5144,QQQ,2021-11-23,386.6022
5145,QQQ,2021-11-24,387.8471
5146,QQQ,2021-11-26,380.494
5147,QQQ,2021-11-29,388.7517
5148,QQQ,2021-11-30,383.0423
5149,QQQ,2021-12-01,376.5257
5150,QQQ,2021-12-02,379.2393
5151,QQQ,2021-12-03,372.6449
5152,QQQ,2021-12-06,375.6309
5153,QQQ,2021-12-07,386.9426
5154,QQQ,2021-12-08,388.6738
5155,QQQ,2021-12-09,382.9548
5156,QQQ,2021-12-10,387.1177
5157,QQQ,2021-12-13,381.525
5158,QQQ,2021-12-14,377.576
5159,QQQ,2021-12-15,386.1839
5160,QQQ,2021-12-16,376.2533
5161,QQQ,2021-12-17,374.3762
5162,QQQ,2021-12-20,370.7446
5163,QQQ,2021-12-21,379.042
5164,QQQ,2021-12-22,383.6581
5165,QQQ,2021-12-23,386.5506
5166,QQQ,2021-12-27,392.9393
5167,QQQ,2021-12-28,391.118
5168,QQQ,2021-12-29,391.0596
5169,QQQ,2021-12-30,389.891
5170,QQQ,2021-12-31,387.4563
5171,QQQ,2022-01-03,391.1863
5172,QQQ,2022-01-04,386.1124
5173,QQQ,2022-01-05,374.2506
5174,QQQ,2022-01-06,373.9876
5175,QQQ,2022-01-07,369.9362
5176,QQQ,2022-01-10,370.1796
5177,QQQ,2022-01-11,375.7406
5178,QQQ,2022-01-12,377.2306
5179,QQQ,2022-01-13,367.7937
5180,QQQ,2022-01-14,370.0824
5181,QQQ,2022-01-18,360.8694
5182,QQQ,2022-01-19,356.9058
5183,QQQ,2022-01-20,352.2701
5184,QQQ,2022-01-21,342.5022
5185,QQQ,2022-01-24,344.07
5186,QQQ,2022-01-25,336.0941
5187,QQQ,2022-01-26,335.5682
5188,QQQ,2022-01-27,332.1888
5189,QQQ,2022-01-28,342.6093
5190,QQQ,2022-01-31,353.5654
5191,QQQ,2022-02-01,355.9708
5192,QQQ,2022-02-02,358.8633
5193,QQQ,2022-02-03,344.3137
5194,QQQ,2022-02-04,348.6571
5195,QQQ,2022-02-07,345.8524
5196,QQQ,2022-02-08,349.7381
5197,QQQ,2022-02-09,357.1493
5198,QQQ,2022-02-10,349.0661
5199,QQQ,2022-02-11,337.9931
5200,QQQ,2022-02-14,338.4119
5201,QQQ,2022-02-15,346.8262
5202,QQQ,2022-02-16,346.7386
5203,QQQ,2022-02-17,336.4252
5204,QQQ,2022-02-18,332.5881
5205,QQQ,2022-02-22,329.2477
5206,QQQ,2022-02-23,320.814
5207,QQQ,2022-02-24,331.5948
5208,QQQ,2022-02-25,336.7369
5209,QQQ,2022-02-28,337.7399
5210,QQQ,2022-03-01,332.5686
5211,QQQ,2022-03-02,338.1489
5212,QQQ,2022-03-03,333.3186
5213,QQQ,2022-03-04,328.4882
5214,QQQ,2022-03-07,316.3731
5215,QQQ,2022-03-08,314.9026
5216,QQQ,2022-03-09,326.2385
5217,QQQ,2022-03-10,322.6157
5218,QQQ,2022-03-11,315.9251
5219,QQQ,2022-03-14,309.858
5220,QQQ,2022-03-15,319.5771
5221,QQQ,2022-03-16,331.4293
5222,QQQ,2022-03-17,335.4416
5223,QQQ,2022-03-18,342.3074
5224,QQQ,2022-03-21,341.3557
5225,QQQ,2022-03-22,348.0643
5226,QQQ,2022-03-23,343.0621
5227,QQQ,2022-03-24,350.6872
5228,QQQ,2022-03-25,350.3947
5229,QQQ,2022-03-28,355.8161
5230,QQQ,2022-03-29,361.9396
5231,QQQ,2022-03-30,357.9418
5232,QQQ,2022-03-31,353.5052
5233,QQQ,2022-04-01,352.8324
5234,QQQ,2022-04-04,360.0967
5235,QQQ,2022-04-05,352.1011
5236,QQQ,2022-04-06,344.4565
5237,QQQ,2022-04-07,345.2755
5238,QQQ,2022-04-08,340.4489
5239,QQQ,2022-04-11,332.3948
5240,QQQ,2022-04-12,330.9907
5241,QQQ,2022-04-13,337.7187
5242,QQQ,2022-04-14,329.9961
5243,QQQ,2022-04-18,330.2495
5244,QQQ,2022-04-19,337.6309
5245,QQQ,2022-04-20,332.7068
5246,QQQ,2022-04-21,325.8227
5247,QQQ,2022-04-22,317.2908
5248,QQQ,2022-04-25,321.3666
5249,QQQ,2022-04-26,309.2366
5250,QQQ,2022-04-27,308.8661
5251,QQQ,2022-04-28,319.8358
5252,QQQ,2022-04-29,305.4437
5253,QQQ,2022-05-02,310.5433
5254,QQQ,2022-05-03,310.8748
5255,QQQ,2022-05-04,321.3861
5256,QQQ,2022-05-05,305.1998
5257,QQQ,2022-05-06,301.5433
5258,QQQ,2022-05-09,289.7448
5259,QQQ,2022-05-10,293.2648
5260,QQQ,2022-05-11,284.5672
5261,QQQ,2022-05-12,283.8943
5262,QQQ,2022-05-13,294.4154
5263,QQQ,2022-05-16,291.0027
5264,QQQ,2022-05-17,298.54
5265,QQQ,2022-05-18,283.8846
5266,QQQ,2022-05-19,282.3634
5267,QQQ,2022-05-20,281.4859
5268,QQQ,2022-05-23,286.1663
5269,QQQ,2022-05-24,280.0818
5270,QQQ,2022-05-25,284.0017
5271,QQQ,2022-05-26,291.8705
5272,QQQ,2022-05-27,301.3971
5273,QQQ,2022-05-31,300.5975
5274,QQQ,2022-06-01,298.3743
5275,QQQ,2022-06-02,306.5454
5276,QQQ,2022-06-03,298.5693
5277,QQQ,2022-06-06,299.5639
5278,QQQ,2022-06-07,302.1478
5279,QQQ,2022-06-08,299.9734
5280,QQQ,2022-06-09,291.9387
5281,QQQ,2022-06-10,281.6418
5282,QQQ,2022-06-13,268.5466
5283,QQQ,2022-06-14,269.0341
5284,QQQ,2022-06-15,275.7524
5285,QQQ,2022-06-16,264.6267
5286,QQQ,2022-06-17,267.8445
5287,QQQ,2022-06-21,274.6021
5288,QQQ,2022-06-22,274.2016
5289,QQQ,2022-06-23,278.2853
5290,QQQ,2022-06-24,287.8203
5291,QQQ,2022-06-27,285.7101
5292,QQQ,2022-06-28,277.0055
5293,QQQ,2022-06-29,277.2594
5294,QQQ,2022-06-30,273.8206
5295,QQQ,2022-07-01,275.6279
5296,QQQ,2022-07-05,280.3466
5297,QQQ,2022-07-06,282.1442
5298,QQQ,2022-07-07,288.1817
5299,QQQ,2022-07-08,288.5433
5300,QQQ,2022-07-11,282.3787
5301,QQQ,2022-07-12,279.6432
5302,QQQ,2022-07-13,279.0668
5303,QQQ,2022-07-14,280.0634
5304,QQQ,2022-07-15,285.1435
5305,QQQ,2022-07-18,282.7304
5306,QQQ,2022-07-19,291.4252
5307,QQQ,2022-07-20,296.0462
5308,QQQ,2022-07-21,300.2961
5309,QQQ,2022-07-22,295.0302
5310,QQQ,2022-07-25,293.3498
5311,QQQ,2022-07-26,287.5858
5312,QQQ,2022-07-27,299.7391
5313,QQQ,2022-07-28,302.67
5314,QQQ,2022-07-29,308.1898
5315,QQQ,2022-08-01,308.0042
5316,QQQ,2022-08-02,307.0858
5317,QQQ,2022-08-03,315.4485
5318,QQQ,2022-08-04,316.9237
5319,QQQ,2022-08-05,314.3348
5320,QQQ,2022-08-08,313.3188
5321,QQQ,2022-08-09,309.7725
5322,QQQ,2022-08-10,318.4185
5323,QQQ,2022-08-11,316.6111
5324,QQQ,2022-08-12,322.7757
5325,QQQ,2022-08-15,325.3841
5326,QQQ,2022-08-16,324.6221
5327,QQQ,2022-08-17,320.9195
5328,QQQ,2022-08-18,321.6913
5329,QQQ,2022-08-19,315.4193
5330,QQQ,2022-08-22,307.1151
5331,QQQ,2022-08-23,306.8612
5332,QQQ,2022-08-24,307.7502
5333,QQQ,2022-08-25,313.1918
5334,QQQ,2022-08-26,300.3546
5335,QQQ,2022-08-29,297.3945
5336,QQQ,2022-08-30,294.0826
5337,QQQ,2022-08-31,292.3729
5338,QQQ,2022-09-01,292.4999
5339,QQQ,2022-09-02,288.3674
5340,QQQ,2022-09-06,286.2962
5341,QQQ,2022-09-07,292.0798
5342,QQQ,2022-09-08,293.5941
5343,QQQ,2022-09-09,300.0127
5344,QQQ,2022-09-12,303.5786
5345,QQQ,2022-09-13,286.9312
5346,QQQ,2022-09-14,289.2076
5347,QQQ,2022-09-15,284.3912
5348,QQQ,2022-09-16,282.6522
5349,QQQ,2022-09-19,284.8534
5350,QQQ,2022-09-20,282.5828
5351,QQQ,2022-09-21,277.5228
5352,QQQ,2022-09-22,274.1071
5353,QQQ,2022-09-23,269.6442
5354,QQQ,2022-09-26,268.5285
5355,QQQ,2022-09-27,268.6362
5356,QQQ,2022-09-28,273.9799
5357,QQQ,2022-09-29,266.0816
5358,QQQ,2022-09-30,261.5699
5359,QQQ,2022-10-03,267.7063
5360,QQQ,2022-10-04,276.1233
5361,QQQ,2022-10-05,275.9765
5362,QQQ,2022-10-06,273.8036
5363,QQQ,2022-10-07,263.3707
5364,QQQ,2022-10-10,260.7379
5365,QQQ,2022-10-11,257.1559
5366,QQQ,2022-10-12,257.0678
5367,QQQ,2022-10-13,263.0967
5368,QQQ,2022-10-14,255.1886
5369,QQQ,2022-10-17,263.6154
5370,QQQ,2022-10-18,265.7
5371,QQQ,2022-10-19,264.731
5372,QQQ,2022-10-20,263.3804
5373,QQQ,2022-10-21,269.5561
5374,QQQ,2022-10-24,272.5216
5375,QQQ,2022-10-25,278.1589
5376,QQQ,2022-10-26,272.0127
5377,QQQ,2022-10-27,267.0604
5378,QQQ,2022-10-28,275.2325
5379,QQQ,2022-10-31,272.0322
5380,QQQ,2022-11-01,269.2528
5381,QQQ,2022-11-02,260.0233
5382,QQQ,2022-11-03,254.9439
5383,QQQ,2022-11-04,259.0448
5384,QQQ,2022-11-07,261.8928
5385,QQQ,2022-11-08,263.8013
5386,QQQ,2022-11-09,257.7138
5387,QQQ,2022-11-10,276.73
5388,QQQ,2022-11-11,281.8292
5389,QQQ,2022-11-14,279.3627
5390,QQQ,2022-11-15,283.2287
5391,QQQ,2022-11-16,279.3627
5392,QQQ,2022-11-17,278.7462
5393,QQQ,2022-11-18,278.7559
5394,QQQ,2022-11-21,275.8884
5395,QQQ,2022-11-22,279.8619
5396,QQQ,2022-11-23,282.6708
5397,QQQ,2022-11-25,280.8113
5398,QQQ,2022-11-28,276.6909
5399,QQQ,2022-11-29,274.5964
5400,QQQ,2022-11-30,287.1141
5401,QQQ,2022-12-01,287.4665
5402,QQQ,2022-12-02,286.3214
5403,QQQ,2022-12-05,281.516
5404,QQQ,2022-12-06,275.6828
5405,QQQ,2022-12-07,274.5573
5406,QQQ,2022-12-08,277.8066
5407,QQQ,2022-12-09,276.0352
5408,QQQ,2022-12-12,279.4998
5409,QQQ,2022-12-13,282.5044
5410,QQQ,2022-12-14,280.41
5411,QQQ,2022-12-15,270.9948
5412,QQQ,2022-12-16,268.411
5413,QQQ,2022-12-19,264.6389
5414,QQQ,2022-12-20,264.4329
5415,QQQ,2022-12-21,268.2688
5416,QQQ,2022-12-22,261.7056
5417,QQQ,2022-12-23,262.2942
5418,QQQ,2022-12-27,258.5858
5419,QQQ,2022-12-28,255.1717
5420,QQQ,2022-12-29,261.3915
5421,QQQ,2022-12-30,261.2346
5422,QQQ,2023-01-03,259.4688
5423,QQQ,2023-01-04,260.7048
5424,QQQ,2023-01-05,256.6237
5425,QQQ,2023-01-06,263.7068
5426,QQQ,2023-01-09,265.4139
5427,QQQ,2023-01-10,267.6605
5428,QQQ,2023-01-11,272.2911
5429,QQQ,2023-01-12,273.7627
5430,QQQ,2023-01-13,275.6463
5431,QQQ,2023-01-17,276.2055
5432,QQQ,2023-01-18,272.6148
5433,QQQ,2023-01-19,269.9365
5434,QQQ,2023-01-20,277.3239
5435,QQQ,2023-01-23,283.4849
5436,QQQ,2023-01-24,282.9061
5437,QQQ,2023-01-25,282.2782
5438,QQQ,2023-01-26,287.7819
5439,QQQ,2023-01-27,290.6466
5440,QQQ,2023-01-30,284.7701
5441,QQQ,2023-01-31,289.0376
5442,QQQ,2023-02-01,295.2183
5443,QQQ,2023-02-02,305.8136
5444,QQQ,2023-02-03,300.3786
5445,QQQ,2023-02-06,297.8377
5446,QQQ,2023-02-07,304.0085
5447,QQQ,2023-02-08,298.6029
5448,QQQ,2023-02-09,295.9639
5449,QQQ,2023-02-10,294.0214
5450,QQQ,2023-02-13,298.7305
5451,QQQ,2023-02-14,300.9378
5452,QQQ,2023-02-15,303.2433
5453,QQQ,2023-02-16,297.5531
5454,QQQ,2023-02-17,295.4537
5455,QQQ,2023-02-21,288.4588
5456,QQQ,2023-02-22,288.6746
5457,QQQ,2023-02-23,291.196
5458,QQQ,2023-02-24,286.3201
5459,QQQ,2023-02-27,288.3705
5460,QQQ,2023-02-28,287.9978
5461,QQQ,2023-03-01,285.6825
5462,QQQ,2023-03-02,288.0468
5463,QQQ,2023-03-03,294.0018
5464,QQQ,2023-03-06,294.3353
5465,QQQ,2023-03-07,290.7251
5466,QQQ,2023-03-08,292.177
5467,QQQ,2023-03-09,287.1148
5468,QQQ,2023-03-10,283.0826
5469,QQQ,2023-03-13,285.1821
5470,QQQ,2023-03-14,291.7355
5471,QQQ,2023-03-15,293.266
5472,QQQ,2023-03-16,300.9967
5473,QQQ,2023-03-17,299.5741
5474,QQQ,2023-03-20,300.6373
5475,QQQ,2023-03-21,304.9311
5476,QQQ,2023-03-22,300.7847
5477,QQQ,2023-03-23,304.3514
5478,QQQ,2023-03-24,305.4716
5479,QQQ,2023-03-27,303.3787
5480,QQQ,2023-03-28,301.7672
5481,QQQ,2023-03-29,307.2696
5482,QQQ,2023-03-30,310.178
5483,QQQ,2023-03-31,315.3365
5484,QQQ,2023-04-03,314.5702
5485,QQQ,2023-04-04,313.509
5486,QQQ,2023-04-05,310.4139
5487,QQQ,2023-04-06,312.5067
5488,QQQ,2023-04-10,312.3299
5489,QQQ,2023-04-11,310.3254
5490,QQQ,2023-04-12,307.5841
5491,QQQ,2023-04-13,313.6072
5492,QQQ,2023-04-14,313.0177
5493,QQQ,2023-04-17,313.2829
5494,QQQ,2023-04-18,313.3026
5495,QQQ,2023-04-19,313.1552
5496,QQQ,2023-04-20,310.7676
5497,QQQ,2023-04-21,311.0918
5498,QQQ,2023-04-24,310.4433
5499,QQQ,2023-04-25,304.5872
5500,QQQ,2023-04-26,306.4345
5501,QQQ,2023-04-27,314.7666
5502,QQQ,2023-04-28,316.9381
5503,QQQ,2023-05-01,316.5746
5504,QQQ,2023-05-02,313.8137
5505,QQQ,2023-05-03,311.7601
5506,QQQ,2023-05-04,310.6595
5507,QQQ,2023-05-05,317.2624
5508,QQQ,2023-05-08,318.0485
5509,QQQ,2023-05-09,316.0342
5510,QQQ,2023-05-10,319.4732
5511,QQQ,2023-05-11,320.5147
5512,QQQ,2023-05-12,319.3651
5513,QQQ,2023-05-15,321.0944
5514,QQQ,2023-05-16,321.458
5515,QQQ,2023-05-17,325.349
5516,QQQ,2023-05-18,331.3918
5517,QQQ,2023-05-19,330.6451
5518,QQQ,2023-05-22,331.7553
5519,QQQ,2023-05-23,327.5499
5520,QQQ,2023-05-24,325.8698
5521,QQQ,2023-05-25,333.799
5522,QQQ,2023-05-26,342.3278
5523,QQQ,2023-05-30,343.8803
5524,QQQ,2023-05-31,341.9249
5525,QQQ,2023-06-01,345.8749
5526,QQQ,2023-06-02,348.4688
5527,QQQ,2023-06-05,348.7144
5528,QQQ,2023-06-06,348.6555
5529,QQQ,2023-06-07,342.7404
5530,QQQ,2023-06-08,346.995
5531,QQQ,2023-06-09,348.3214
5532,QQQ,2023-06-12,354.2071
5533,QQQ,2023-06-13,356.9288
5534,QQQ,2023-06-14,359.5228
5535,QQQ,2023-06-15,363.8068
5536,QQQ,2023-06-16,361.5174
5537,QQQ,2023-06-20,360.9998
5538,QQQ,2023-06-21,356.0803
5539,QQQ,2023-06-22,360.2816
5540,QQQ,2023-06-23,356.71
5541,QQQ,2023-06-26,351.9281
5542,QQQ,2023-06-27,357.9792
5543,QQQ,2023-06-28,358.6779
5544,QQQ,2023-06-29,357.9595
5545,QQQ,2023-06-30,363.4793
5546,QQQ,2023-07-03,364.3354
5547,QQQ,2023-07-05,364.3255
5548,QQQ,2023-07-06,361.5508
5549,QQQ,2023-07-07,360.3504
5550,QQQ,2023-07-10,360.4685
5551,QQQ,2023-07-11,362.2494
5552,QQQ,2023-07-12,366.8246
5553,QQQ,2023-07-13,373.0529
5554,QQQ,2023-07-14,372.9742
5555,QQQ,2023-07-17,376.4572
5556,QQQ,2023-07-18,379.5369
5557,QQQ,2023-07-19,379.4484
5558,QQQ,2023-07-20,370.7013
5559,QQQ,2023-07-21,369.5894
5560,QQQ,2023-07-24,370.1798
5561,QQQ,2023-07-25,372.6888
5562,QQQ,2023-07-26,371.4491
5563,QQQ,2023-07-27,370.5636
5564,QQQ,2023-07-28,377.3133
5565,QQQ,2023-07-31,377.51
5566,QQQ,2023-08-01,376.6343
5567,QQQ,2023-08-02,368.3695
5568,QQQ,2023-08-03,367.7791
5569,QQQ,2023-08-04,366.0573
5570,QQQ,2023-08-07,369.1566
5571,QQQ,2023-08-08,366.0179
5572,QQQ,2023-08-09,361.9936
5573,QQQ,2023-08-10,362.6626
5574,QQQ,2023-08-11,360.3504
5575,QQQ,2023-08-14,364.3944
5576,QQQ,2023-08-15,360.5276
5577,QQQ,2023-08-16,356.71
5578,QQQ,2023-08-17,352.8136
5579,QQQ,2023-08-18,352.3709
5580,QQQ,2023-08-21,358.0481
5581,QQQ,2023-08-22,357.5364
5582,QQQ,2023-08-23,363.1743
5583,QQQ,2023-08-24,355.4112
5584,QQQ,2023-08-25,358.1662
5585,QQQ,2023-08-28,360.8621
5586,QQQ,2023-08-29,368.7433
5587,QQQ,2023-08-30,370.7997
5588,QQQ,2023-08-31,371.9115
5589,QQQ,2023-09-01,371.518
5590,QQQ,2023-09-05,371.9903
5591,QQQ,2023-09-06,368.7137
5592,QQQ,2023-09-07,366.0769
5593,QQQ,2023-09-08,366.5885
5594,QQQ,2023-09-11,370.908
5595,QQQ,2023-09-12,366.7952
5596,QQQ,2023-09-13,368.1923
5597,QQQ,2023-09-14,371.203
5598,QQQ,2023-09-15,364.847
5599,QQQ,2023-09-18,365.2274
5600,QQQ,2023-09-19,364.4489
5601,QQQ,2023-09-20,359.1971
5602,QQQ,2023-09-21,352.6149
5603,QQQ,2023-09-22,352.6642
5604,QQQ,2023-09-25,354.3392
5605,QQQ,2023-09-26,349.0184
5606,QQQ,2023-09-27,349.8363
5607,QQQ,2023-09-28,352.7627
5608,QQQ,2023-09-29,353.0189
5609,QQQ,2023-10-02,355.9651
5610,QQQ,2023-10-03,349.7181
5611,QQQ,2023-10-04,354.4773
5612,QQQ,2023-10-05,353.4327
5613,QQQ,2023-10-06,359.3546
5614,QQQ,2023-10-09,361.1874
5615,QQQ,2023-10-10,363.1877
5616,QQQ,2023-10-11,365.7791
5617,QQQ,2023-10-12,364.508
5618,QQQ,2023-10-13,359.9262
5619,QQQ,2023-10-16,363.9956
5620,QQQ,2023-10-17,362.8034
5621,QQQ,2023-10-18,358.0442
5622,QQQ,2023-10-19,354.694
5623,QQQ,2023-10-20,349.4026
5624,QQQ,2023-10-23,350.4571
5625,QQQ,2023-10-24,353.8663
5626,QQQ,2023-10-25,345.2052
5627,QQQ,2023-10-26,338.6231
5628,QQQ,2023-10-27,340.2489
5629,QQQ,2023-10-30,344.0819
5630,QQQ,2023-10-31,345.7274
5631,QQQ,2023-11-01,351.7281
5632,QQQ,2023-11-02,358.1131
5633,QQQ,2023-11-03,362.3206
5634,QQQ,2023-11-06,363.7986
5635,QQQ,2023-11-07,367.2375
5636,QQQ,2023-11-08,367.4739
5637,QQQ,2023-11-09,364.646
5638,QQQ,2023-11-10,372.8441
5639,QQQ,2023-11-13,371.6813
5640,QQQ,2023-11-14,379.6823
5641,QQQ,2023-11-15,379.9681
5642,QQQ,2023-11-16,380.2933
5643,QQQ,2023-11-17,380.382
5644,QQQ,2023-11-20,385.0131
5645,QQQ,2023-11-21,382.7764
5646,QQQ,2023-11-22,384.343
5647,QQQ,2023-11-24,383.8011
5648,QQQ,2023-11-27,383.4661
5649,QQQ,2023-11-28,384.4711
5650,QQQ,2023-11-29,384.0967
5651,QQQ,2023-11-30,383.131
5652,QQQ,2023-12-01,384.2248
5653,QQQ,2023-12-04,380.6578
5654,QQQ,2023-12-05,381.6136
5655,QQQ,2023-12-06,379.4064
5656,QQQ,2023-12-07,384.7076
5657,QQQ,2023-12-08,386.422
5658,QQQ,2023-12-11,389.723
5659,QQQ,2023-12-12,392.8268
5660,QQQ,2023-12-13,397.8225
5661,QQQ,2023-12-14,397.4777
5662,QQQ,2023-12-15,399.399
5663,QQQ,2023-12-18,401.9147
5664,QQQ,2023-12-19,403.9683
5665,QQQ,2023-12-20,397.9655
5666,QQQ,2023-12-21,402.5959
5667,QQQ,2023-12-22,403.1982
5668,QQQ,2023-12-26,405.6665
5669,QQQ,2023-12-27,406.4923
5670,QQQ,2023-12-28,406.2947
5671,QQQ,2023-12-29,404.5364
5672,QQQ,2024-01-02,397.6908
5673,QQQ,2024-01-03,393.4825
5674,QQQ,2024-01-04,391.4575
5675,QQQ,2024-01-05,391.9218
5676,QQQ,2024-01-08,400.0221
5677,QQQ,2024-01-09,400.8123
5678,QQQ,2024-01-10,403.5289
5679,QQQ,2024-01-11,404.3685
5680,QQQ,2024-01-12,404.5759
5681,QQQ,2024-01-16,404.5364
5682,QQQ,2024-01-17,402.2545
5683,QQQ,2024-01-18,407.9642
5684,QQQ,2024-01-19,416.0545
5685,QQQ,2024-01-22,416.5978
5686,QQQ,2024-01-23,418.3266
5687,QQQ,2024-01-24,420.6479
5688,QQQ,2024-01-25,421.1616
5689,QQQ,2024-01-26,418.6525
5690,QQQ,2024-01-29,422.9397
5691,QQQ,2024-01-30,420.1244
5692,QQQ,2024-01-31,411.8958
5693,QQQ,2024-02-01,416.746
5694,QQQ,2024-02-02,423.7893
5695,QQQ,2024-02-05,423.2361
5696,QQQ,2024-02-06,422.3865
5697,QQQ,2024-02-07,426.7329
5698,QQQ,2024-02-08,427.5233
5699,QQQ,2024-02-09,431.7314
5700,QQQ,2024-02-12,430.0422
5701,QQQ,2024-02-13,423.3348
5702,QQQ,2024-02-14,427.948
5703,QQQ,2024-02-15,429.2224
5704,QQQ,2024-02-16,425.3302
5705,QQQ,2024-02-20,422.1198
5706,QQQ,2024-02-21,420.4306
5707,QQQ,2024-02-22,432.739
5708,QQQ,2024-02-23,431.4647
5709,QQQ,2024-02-26,431.2375
5710,QQQ,2024-02-27,432.2747
5711,QQQ,2024-02-28,429.973
5712,QQQ,2024-02-29,433.6577
5713,QQQ,2024-03-01,440.1872
5714,QQQ,2024-03-04,438.6166
5715,QQQ,2024-03-05,430.7436
5716,QQQ,2024-03-06,433.4502
5717,QQQ,2024-03-07,440.0291
5718,QQQ,2024-03-08,433.6774
5719,QQQ,2024-03-11,432.0673
5720,QQQ,2024-03-12,438.261
5721,QQQ,2024-03-13,434.8925
5722,QQQ,2024-03-14,433.7961
5723,QQQ,2024-03-15,428.6395
5724,QQQ,2024-03-18,432.7276
5725,QQQ,2024-03-19,433.8057
5726,QQQ,2024-03-20,438.9493
5727,QQQ,2024-03-21,441.0265
5728,QQQ,2024-03-22,441.5309
5729,QQQ,2024-03-25,439.9286
5730,QQQ,2024-03-26,438.5042
5731,QQQ,2024-03-27,439.9977
5732,QQQ,2024-03-28,439.1867
5733,QQQ,2024-04-01,440.1165
5734,QQQ,2024-04-02,436.3181
5735,QQQ,2024-04-03,437.2974
5736,QQQ,2024-04-04,430.6108
5737,QQQ,2024-04-05,435.6851
5738,QQQ,2024-04-08,435.8137
5739,QQQ,2024-04-09,437.426
5740,QQQ,2024-04-10,433.6079
5741,QQQ,2024-04-11,440.5319
5742,QQQ,2024-04-12,433.509
5743,QQQ,2024-04-15,426.3773
5744,QQQ,2024-04-16,426.4169
5745,QQQ,2024-04-17,421.2141
5746,QQQ,2024-04-18,418.8105
5747,QQQ,2024-04-19,410.1456
5748,QQQ,2024-04-22,414.2703
5749,QQQ,2024-04-23,420.4524
5750,QQQ,2024-04-24,421.8767
5751,QQQ,2024-04-25,419.8392
5752,QQQ,2024-04-26,426.318
5753,QQQ,2024-04-29,428.049
5754,QQQ,2024-04-30,419.9776
5755,QQQ,2024-05-01,416.9409
5756,QQQ,2024-05-02,422.2625
5757,QQQ,2024-05-03,430.7493
5758,QQQ,2024-05-06,435.4675
5759,QQQ,2024-05-07,435.5368
5760,QQQ,2024-05-08,435.2796
5761,QQQ,2024-05-09,436.2291
5762,QQQ,2024-05-10,437.2578
5763,QQQ,2024-05-13,438.2667
5764,QQQ,2024-05-14,441.0858
5765,QQQ,2024-05-15,447.9801
5766,QQQ,2024-05-16,447.0701
5767,QQQ,2024-05-17,446.8525
5768,QQQ,2024-05-20,449.9683
5769,QQQ,2024-05-21,450.8486
5770,QQQ,2024-05-22,450.7596
5771,QQQ,2024-05-23,448.7318
5772,QQQ,2024-05-24,452.9753
5773,QQQ,2024-05-28,454.6864
5774,QQQ,2024-05-29,451.4817
5775,QQQ,2024-05-30,446.6447
5776,QQQ,2024-05-31,445.8138
5777,QQQ,2024-06-03,448.2076
5778,QQQ,2024-06-04,449.4341
5779,QQQ,2024-06-05,458.4946
5780,QQQ,2024-06-06,458.3364
5781,QQQ,2024-06-07,457.9308
5782,QQQ,2024-06-10,459.7805
5783,QQQ,2024-06-11,462.9358
5784,QQQ,2024-06-12,468.9992
5785,QQQ,2024-06-13,471.5413
5786,QQQ,2024-06-14,473.9845
5787,QQQ,2024-06-17,479.7907
5788,QQQ,2024-06-18,479.9391
5789,QQQ,2024-06-20,476.2397
5790,QQQ,2024-06-21,474.9637
5791,QQQ,2024-06-24,469.5564
5792,QQQ,2024-06-25,474.9261
5793,QQQ,2024-06-26,475.9069
5794,QQQ,2024-06-27,477.1353
5795,QQQ,2024-06-28,474.6586
5796,QQQ,2024-07-01,477.4425
5797,QQQ,2024-07-02,482.4555
5798,QQQ,2024-07-03,486.4778
5799,QQQ,2024-07-05,491.5502
5800,QQQ,2024-07-08,492.7192
5801,QQQ,2024-07-09,493.1452
5802,QQQ,2024-07-10,498.287
5803,QQQ,2024-07-11,487.3595
5804,QQQ,2024-07-12,490.2227
5805,QQQ,2024-07-15,491.5403
5806,QQQ,2024-07-16,491.7285
5807,QQQ,2024-07-17,477.2939
5808,QQQ,2024-07-18,475.0351
5809,QQQ,2024-07-19,470.8246
5810,QQQ,2024-07-22,477.8388
5811,QQQ,2024-07-23,476.1546
5812,QQQ,2024-07-24,459.0747
5813,QQQ,2024-07-25,454.0122
5814,QQQ,2024-07-26,458.6685
5815,QQQ,2024-07-29,459.5899
5816,QQQ,2024-07-30,453.2791
5817,QQQ,2024-07-31,466.6933
5818,QQQ,2024-08-01,455.3893
5819,QQQ,2024-08-02,444.5807
5820,QQQ,2024-08-05,431.325
5821,QQQ,2024-08-06,435.4464
5822,QQQ,2024-08-07,430.7306
5823,QQQ,2024-08-08,443.907
5824,QQQ,2024-08-09,446.2253
5825,QQQ,2024-08-12,447.1863
5826,QQQ,2024-08-13,458.2822
5827,QQQ,2024-08-14,458.4308
5828,QQQ,2024-08-15,470.0122
5829,QQQ,2024-08-16,470.6165
5830,QQQ,2024-08-19,476.7985
5831,QQQ,2024-08-20,475.7979
5832,QQQ,2024-08-21,478.0171
5833,QQQ,2024-08-22,470.4382
5834,QQQ,2024-08-23,475.5403
5835,QQQ,2024-08-26,470.9236
5836,QQQ,2024-08-27,472.3304
5837,QQQ,2024-08-28,466.9707
5838,QQQ,2024-08-29,466.2871
5839,QQQ,2024-08-30,471.845
5840,QQQ,2024-09-03,457.5193
5841,QQQ,2024-09-04,456.3305
5842,QQQ,2024-09-05,456.7565
5843,QQQ,2024-09-06,444.5213
5844,QQQ,2024-09-09,450.2376
5845,QQQ,2024-09-10,454.3986
5846,QQQ,2024-09-11,464.266
5847,QQQ,2024-09-12,468.8233
5848,QQQ,2024-09-13,470.9236
5849,QQQ,2024-09-16,468.8431
5850,QQQ,2024-09-17,469.0909
5851,QQQ,2024-09-18,467.0599
5852,QQQ,2024-09-19,478.8691
5853,QQQ,2024-09-20,477.9576
5854,QQQ,2024-09-23,479.2246
5855,QQQ,2024-09-24,481.5362
5856,QQQ,2024-09-25,481.9826
5857,QQQ,2024-09-26,485.6038
5858,QQQ,2024-09-27,482.9053
5859,QQQ,2024-09-30,484.2148
5860,QQQ,2024-10-01,477.4685
5861,QQQ,2024-10-02,478.1432
5862,QQQ,2024-10-03,477.7861
5863,QQQ,2024-10-04,483.4708
5864,QQQ,2024-10-07,478.292
5865,QQQ,2024-10-08,485.4352
5866,QQQ,2024-10-09,489.2547
5867,QQQ,2024-10-10,488.6992
5868,QQQ,2024-10-11,489.463
5869,QQQ,2024-10-14,493.5703
5870,QQQ,2024-10-15,486.9729
5871,QQQ,2024-10-16,487.0324
5872,QQQ,2024-10-17,487.3697
5873,QQQ,2024-10-18,490.5643
5874,QQQ,2024-10-21,491.5068
5875,QQQ,2024-10-22,492.0425
5876,QQQ,2024-10-23,484.5025
5877,QQQ,2024-10-24,488.4313
5878,QQQ,2024-10-25,491.4076
5879,QQQ,2024-10-28,491.4869
5880,QQQ,2024-10-29,496.2094
5881,QQQ,2024-10-30,492.4592
5882,QQQ,2024-10-31,480.0282
5883,QQQ,2024-11-01,483.5799
5884,QQQ,2024-11-04,482.1711
5885,QQQ,2024-11-05,488.3221
5886,QQQ,2024-11-06,501.5865
5887,QQQ,2024-11-07,509.4837
5888,QQQ,2024-11-08,510.0789
5889,QQQ,2024-11-11,509.7813
5890,QQQ,2024-11-12,508.8586
5891,QQQ,2024-11-13,508.2038
5892,QQQ,2024-11-14,504.672
5893,QQQ,2024-11-15,492.6477
5894,QQQ,2024-11-18,496.0704
5895,QQQ,2024-11-19,499.4833
5896,QQQ,2024-11-20,499.1956
5897,QQQ,2024-11-21,500.9913
5898,QQQ,2024-11-22,501.7949
5899,QQQ,2024-11-25,502.5886
5900,QQQ,2024-11-26,505.2871
5901,QQQ,2024-11-27,501.3087
5902,QQQ,2024-11-29,505.7137
5903,QQQ,2024-12-02,511.2198
5904,QQQ,2024-12-03,512.7874
5905,QQQ,2024-12-04,519.127
5906,QQQ,2024-12-05,517.6884
5907,QQQ,2024-12-06,522.3214
5908,QQQ,2024-12-09,518.2538
5909,QQQ,2024-12-10,516.4879
5910,QQQ,2024-12-11,525.7343
5911,QQQ,2024-12-12,522.3413
5912,QQQ,2024-12-13,526.3395
5913,QQQ,2024-12-16,533.9191
5914,QQQ,2024-12-17,531.5679
5915,QQQ,2024-12-18,512.3905
5916,QQQ,2024-12-19,510.1086
5917,QQQ,2024-12-20,514.5633
5918,QQQ,2024-12-23,519.5765
5919,QQQ,2024-12-24,526.6218
5920,QQQ,2024-12-26,526.264
5921,QQQ,2024-12-27,519.2684
5922,QQQ,2024-12-30,512.3621
5923,QQQ,2024-12-31,508.0098
5924,QQQ,2025-01-02,507.0161
5925,QQQ,2025-01-03,515.3135
5926,QQQ,2025-01-06,521.2358
5927,QQQ,2025-01-07,511.9348
5928,QQQ,2025-01-08,512.0244
5929,QQQ,2025-01-10,503.9952
5930,QQQ,2025-01-13,502.3755
5931,QQQ,2025-01-14,501.8985
5932,QQQ,2025-01-15,513.4454
5933,QQQ,2025-01-16,509.8482
5934,QQQ,2025-01-17,518.4536
5935,QQQ,2025-01-21,521.4943
5936,QQQ,2025-01-22,528.162
5937,QQQ,2025-01-23,529.2849
5938,QQQ,2025-01-24,526.2939
5939,QQQ,2025-01-27,510.971
5940,QQQ,2025-01-28,518.5231
5941,QQQ,2025-01-29,517.5493
5942,QQQ,2025-01-30,519.7553
5943,QQQ,2025-01-31,519.0001
5944,QQQ,2025-02-03,514.8464
5945,QQQ,2025-02-04,521.1664
5946,QQQ,2025-02-05,523.5314
5947,QQQ,2025-02-06,526.264
5948,QQQ,2025-02-07,519.6262
5949,QQQ,2025-02-10,525.9163
5950,QQQ,2025-02-11,524.6642
5951,QQQ,2025-02-12,524.9722
5952,QQQ,2025-02-13,532.5244
5953,QQQ,2025-02-14,534.7602
5954,QQQ,2025-02-18,535.9725
5955,QQQ,2025-02-19,536.1216
5956,QQQ,2025-02-20,533.846
5957,QQQ,2025-02-21,522.7662
5958,QQQ,2025-02-24,516.5954
5959,QQQ,2025-02-25,510.0866
5960,QQQ,2025-02-26,511.3188
5961,QQQ,2025-02-27,497.1188
5962,QQQ,2025-02-28,504.9691
5963,QQQ,2025-03-03,493.9191
5964,QQQ,2025-03-04,492.4285
5965,QQQ,2025-03-05,498.8478
5966,QQQ,2025-03-06,485.1248
5967,QQQ,2025-03-07,488.6922
5968,QQQ,2025-03-10,469.7523
5969,QQQ,2025-03-11,468.6294
5970,QQQ,2025-03-12,473.9159
5971,QQQ,2025-03-13,465.39
5972,QQQ,2025-03-14,476.6386
5973,QQQ,2025-03-17,479.729
5974,QQQ,2025-03-18,471.5509
5975,QQQ,2025-03-19,477.8609
5976,QQQ,2025-03-20,476.2411
5977,QQQ,2025-03-21,477.8112
5978,QQQ,2025-03-24,488.2964
5979,QQQ,2025-03-25,491.0829
5980,QQQ,2025-03-26,482.0467
5981,QQQ,2025-03-27,479.3
5982,QQQ,2025-03-28,466.6811
5983,QQQ,2025-03-31,466.6612
5984,QQQ,2025-04-01,470.423
5985,QQQ,2025-04-02,473.8563
5986,QQQ,2025-04-03,448.4891
5987,QQQ,2025-04-04,420.634
5988,QQQ,2025-04-07,421.649
5989,QQQ,2025-04-08,414.0558
5990,QQQ,2025-04-09,463.7552
5991,QQQ,2025-04-10,444.0307
5992,QQQ,2025-04-11,452.2111
5993,QQQ,2025-04-14,455.2763
5994,QQQ,2025-04-15,455.7838
5995,QQQ,2025-04-16,442.0403
5996,QQQ,2025-04-17,441.9607
5997,QQQ,2025-04-21,431.0236
5998,QQQ,2025-04-22,442.3389
5999,QQQ,2025-04-23,452.3703
6000,QQQ,2025-04-24,465.0988
6001,QQQ,2025-04-25,470.2836
6002,QQQ,2025-04-28,470.1344
6003,QQQ,2025-04-29,473.2393
6004,QQQ,2025-04-30,473.1796
6005,QQQ,2025-05-01,479.3596
6006,QQQ,2025-05-02,486.4753
6007,QQQ,2025-05-05,483.5892
6008,QQQ,2025-05-06,479.091
6009,QQQ,2025-05-07,480.9719
6010,QQQ,2025-05-08,485.9378
6011,QQQ,2025-05-09,485.6194
6012,QQQ,2025-05-12,505.4037
6013,QQQ,2025-05-13,513.1064
6014,QQQ,2025-05-14,516.1815
6015,QQQ,2025-05-15,516.7487
6016,QQQ,2025-05-16,518.9979
6017,QQQ,2025-05-19,519.4954
6018,QQQ,2025-05-20,517.7638
6019,QQQ,2025-05-21,510.5686
6020,QQQ,2025-05-22,511.524
6021,QQQ,2025-05-23,506.7869
6022,QQQ,2025-05-27,518.7092
6023,QQQ,2025-05-28,516.4103
6024,QQQ,2025-05-29,517.4254
6025,QQQ,2025-05-30,516.6094
6026,QQQ,2025-06-02,520.6897
6027,QQQ,2025-06-03,524.7599
6028,QQQ,2025-06-04,526.2229
6029,QQQ,2025-06-05,522.262
6030,QQQ,2025-06-06,527.3673
6031,QQQ,2025-06-09,528.1435
6032,QQQ,2025-06-10,531.6367
6033,QQQ,2025-06-11,529.8453
6034,QQQ,2025-06-12,531.0892
6035,QQQ,2025-06-13,524.4216
6036,QQQ,2025-06-16,531.7162
6037,QQQ,2025-06-17,526.5314
6038,QQQ,2025-06-18,526.4418
6039,QQQ,2025-06-20,524.2922
6040,QQQ,2025-06-23,529.6832
6041,QQQ,2025-06-24,537.7831
6042,QQQ,2025-06-25,539.158
6043,QQQ,2025-06-26,544.1992
6044,QQQ,2025-06-27,546.0624
6045,QQQ,2025-06-30,549.5992
6046,QQQ,2025-07-01,544.9664
6047,QQQ,2025-07-02,548.7623
6048,QQQ,2025-07-03,554.1623
6049,QQQ,2025-07-07,549.9878
6050,QQQ,2025-07-08,550.2967
6051,QQQ,2025-07-09,554.1921
6052,QQQ,2025-07-10,553.3951
6053,QQQ,2025-07-11,552.1498
6054,QQQ,2025-07-14,554.1523
6055,QQQ,2025-07-15,554.6604
6056,QQQ,2025-07-16,555.2284
6057,QQQ,2025-07-17,559.7216
6058,QQQ,2025-07-18,559.1837
6059,QQQ,2025-07-21,562.0829
6060,QQQ,2025-07-22,559.1737
6061,QQQ,2025-07-23,561.7242
6062,QQQ,2025-07-24,562.9197
6063,QQQ,2025-07-25,564.2748
6064,QQQ,2025-07-28,566.0382
6065,QQQ,2025-07-29,565.1615
6066,QQQ,2025-07-30,565.9186
6067,QQQ,2025-07-31,562.9197
6068,QQQ,2025-08-01,551.8309
6069,QQQ,2025-08-04,562.0131
6070,QQQ,2025-08-05,558.1973
6071,QQQ,2025-08-06,565.2213
6072,QQQ,2025-08-07,567.1341
6073,QQQ,2025-08-08,572.4245
6074,QQQ,2025-08-11,570.7307
6075,QQQ,2025-08-12,577.9041
6076,QQQ,2025-08-13,578.1931
6077,QQQ,2025-08-14,577.7447
6078,QQQ,2025-08-15,575.2042
6079,QQQ,2025-08-18,574.975
6080,QQQ,2025-08-19,567.174
6081,QQQ,2025-08-20,563.8065
6082,QQQ,2025-08-21,561.1962
6083,QQQ,2025-08-22,569.854
6084,QQQ,2025-08-25,568.2102
6085,QQQ,2025-08-26,570.4916
6086,QQQ,2025-08-27,571.3684
6087,QQQ,2025-08-28,574.9451
6088,QQQ,2025-08-29,568.2899
6089,QQQ,2025-09-02,563.5275
6090,QQQ,2025-09-03,567.9611
6091,QQQ,2025-09-04,573.1019
6092,QQQ,2025-09-05,573.9289
6093,QQQ,2025-09-08,576.7285
6094,QQQ,2025-09-09,578.3624
6095,QQQ,2025-09-10,578.5518
6096,QQQ,2025-09-11,581.9193
6097,QQQ,2025-09-12,584.4897
6098,QQQ,2025-09-15,589.4911
6099,QQQ,2025-09-16,588.9929
6100,QQQ,2025-09-17,587.8174
6101,QQQ,2025-09-18,593.1177
6102,QQQ,2025-09-19,597.1328
6103,QQQ,2025-09-22,600.6677
6104,QQQ,2025-09-23,596.6779
6105,QQQ,2025-09-24,594.5833
6106,QQQ,2025-09-25,592.0198
6107,QQQ,2025-09-26,594.4536
6108,QQQ,2025-09-29,597.2065
6109,QQQ,2025-09-30,598.8424
6110,QQQ,2025-10-01,601.715
6111,QQQ,2025-10-02,604.1887
6112,QQQ,2025-10-03,601.6453
6113,QQQ,2025-10-06,606.1637
6114,QQQ,2025-10-07,602.9719
6115,QQQ,2025-10-08,609.8842
6116,QQQ,2025-10-09,609.1461
6117,QQQ,2025-10-10,588.0001
6118,QQQ,2025-10-13,600.4782
6119,QQQ,2025-10-14,596.4785
6120,QQQ,2025-10-15,600.6877
6121,QQQ,2025-10-16,598.4634
6122,QQQ,2025-10-17,602.3933
6123,QQQ,2025-10-20,609.9839
6124,QQQ,2025-10-21,609.8244
6125,QQQ,2025-10-22,603.9493
6126,QQQ,2025-10-23,609.0264
6127,QQQ,2025-10-24,615.5298
6128,QQQ,2025-10-27,626.4919
6129,QQQ,2025-10-28,631.3096
6130,QQQ,2025-10-29,634.1523
6131,QQQ,2025-10-30,624.457
6132,QQQ,2025-10-31,627.4694
6133,QQQ,2025-11-03,630.4717
6134,QQQ,2025-11-04,617.6743
6135,QQQ,2025-11-05,621.6942
6136,QQQ,2025-11-06,610.1136
6137,QQQ,2025-11-07,608.1885
6138,QQQ,2025-11-10,621.6442
6139,QQQ,2025-11-11,619.9885
6140,QQQ,2025-11-12,619.4997
6141,QQQ,2025-11-13,606.852
6142,QQQ,2025-11-14,607.3108
6143,QQQ,2025-11-17,602.124
6144,QQQ,2025-11-18,594.7927
6145,QQQ,2025-11-19,598.3436
6146,QQQ,2025-11-20,584.1797
6147,QQQ,2025-11-21,588.5686
6148,QQQ,2025-11-24,603.6202
6149,QQQ,2025-11-25,607.3408
6150,QQQ,2025-11-26,612.707
6151,QQQ,2025-11-28,617.6743
6152,QQQ,2025-12-01,615.5996
6153,QQQ,2025-12-02,620.4173
6154,QQQ,2025-12-03,621.9335
6155,QQQ,2025-12-04,621.355
6156,QQQ,2025-12-05,623.8885
6157,QQQ,2025-12-08,622.6915
6158,QQQ,2025-12-09,623.4595
6159,QQQ,2025-12-10,626.0131
6160,QQQ,2025-12-11,623.9883
6161,QQQ,2025-12-12,612.0587
6162,QQQ,2025-12-15,608.9865
6163,QQQ,2025-12-16,610.1934
6164,QQQ,2025-12-17,598.8823
6165,QQQ,2025-12-18,607.5601
6166,QQQ,2025-12-19,615.48
6167,QQQ,2025-12-22,618.4302
6168,QQQ,2025-12-23,621.3265
6169,QQQ,2025-12-24,623.1443
6170,QQQ,2025-12-26,623.1043
6171,QQQ,2025-12-29,620.0881
6172,QQQ,2025-12-30,618.6499
6173,QQQ,2025-12-31,613.5364
6174,QQQ,2026-01-02,612.3479
6175,QQQ,2026-01-05,617.2117
6176,QQQ,2026-01-06,622.6349
6177,QQQ,2026-01-07,623.2342
6178,QQQ,2026-01-08,619.6886
6179,QQQ,2026-01-09,625.8608
6180,QQQ,2026-01-12,626.3802
6181,QQQ,2026-01-13,625.4514
6182,QQQ,2026-01-14,618.7698
6183,QQQ,2026-01-15,620.997
6184,QQQ,2026-01-16,620.4777
6185,QQQ,2026-01-20,607.2943
6186,QQQ,2026-01-21,615.5039
6187,QQQ,2026-01-22,619.9783
6188,QQQ,2026-01-23,621.9358
6189,QQQ,2026-01-26,624.6724
6190,QQQ,2026-01-27,630.3352
6191,QQQ,2026-01-28,632.4225
6192,QQQ,2026-01-29,628.6373
6193,QQQ,2026-01-30,621.0869
6194,QQQ,2026-02-02,625.3515
6195,QQQ,2026-02-03,615.7436
6196,QQQ,2026-02-04,604.9872
6197,QQQ,2026-02-05,596.2782
6198,QQQ,2026-02-06,608.8823
6199,QQQ,2026-02-09,613.5464
6200,QQQ,2026-02-10,610.7
6201,QQQ,2026-02-11,612.3379
6202,QQQ,2026-02-12,599.8836
6203,QQQ,2026-02-13,601.162
6204,QQQ,2026-02-17,600.5427
6205,QQQ,2026-02-18,605.0271
6206,QQQ,2026-02-19,602.71
6207,QQQ,2026-02-20,608.0433
6208,QQQ,2026-02-23,600.6526
6209,QQQ,2026-02-24,607.1045
6210,QQQ,2026-02-25,615.9034
6211,QQQ,2026-02-26,608.4728
6212,QQQ,2026-02-27,606.5252
6213,QQQ,2026-03-02,607.3242
6214,QQQ,2026-03-03,600.8224
6215,QQQ,2026-03-04,609.9809
6216,QQQ,2026-03-05,608.1431
6217,QQQ,2026-03-06,598.9947
6218,QQQ,2026-03-09,606.9946
6219,QQQ,2026-03-10,607.0046
6220,QQQ,2026-03-11,606.9247
6221,QQQ,2026-03-12,596.5079
6222,QQQ,2026-03-13,592.9723
6223,QQQ,2026-03-16,599.6239
6224,QQQ,2026-03-17,602.5502
6225,QQQ,2026-03-18,594.1509
6226,QQQ,2026-03-19,592.2732
6227,QQQ,2026-03-20,581.327
6228,QQQ,2026-03-23,588.0
6229,QQQ,2026-03-24,583.98
6230,QQQ,2026-03-25,587.82
6231,QQQ,2026-03-26,573.79
6232,QQQ,2026-03-27,562.58
6233,QQQ,2026-03-30,558.28
6234,QQQ,2026-03-31,577.18
6235,QQQ,2026-04-01,584.31
6236,QQQ,2026-04-02,584.98
6237,QQQ,2026-04-06,588.5
6238,QQQ,2026-04-07,588.59
6239,QQQ,2026-04-08,606.09
6240,QQQ,2026-04-09,610.19
6241,QQQ,2026-04-10,611.07
6242,QQQ,2026-04-13,617.39
6243,QQQ,2026-04-14,628.6
6244,QQQ,2026-04-15,637.4
6245,QQQ,2026-04-16,640.47
6246,QQQ,2026-04-17,648.85
6247,QQQ,2026-04-20,646.79
6248,QQQ,2026-04-21,644.33
6249,QQQ,2026-04-22,655.11
6250,QQQ,2026-04-23,651.42
6251,QQQ,2026-04-24,663.88
6252,QQQ,2026-04-27,664.23
6253,QQQ,2026-04-28,657.55
6254,QQQ,2026-04-29,661.57
6255,QQQ,2026-04-30,667.74
6256,QQQ,2026-05-01,674.15
6257,QQQ,2026-05-04,672.88
6258,QQQ,2026-05-05,681.61
6259,QQQ,2026-05-06,695.77
6260,QQQ,2026-05-07,694.94
6261,QQQ,2026-05-08,711.23
6262,QQQ,2026-05-11,713.29
6263,QQQ,2026-05-12,707.24
6264,QQQ,2026-05-13,714.71
6265,QQQ,2026-05-14,719.79
6266,QQQ,2026-05-15,708.93
6267,QQQ,2026-05-18,705.88
6268,QQQ,2026-05-19,701.53
6269,QQQ,2026-05-20,713.15
6270,QQQ,2026-05-21,714.51
6271,QQQ,2026-05-22,717.54
6272,QQQ,2026-05-26,730.28
6273,QQQ,2026-05-27,729.45
6274,QQQ,2026-05-28,735.6
6275,QQQ,2026-05-29,738.31
6276,QQQ,2026-06-01,742.74
6277,QQQ,2026-06-02,746.16
6278,QQQ,2026-06-03,744.21
6279,QQQ,2026-06-04,740.61
6280,QQQ,2026-06-05,705.06
6281,BND,2021-06-07,72.6956
6282,BND,2021-06-08,72.8319
6283,BND,2021-06-09,72.9768
6284,BND,2021-06-10,73.1301
6285,BND,2021-06-11,73.1131
6286,BND,2021-06-14,72.9256
6287,BND,2021-06-15,72.9256
6288,BND,2021-06-16,72.7212
6289,BND,2021-06-17,72.9682
6290,BND,2021-06-18,73.1982
6291,BND,2021-06-21,72.9427
6292,BND,2021-06-22,73.0449
6293,BND,2021-06-23,72.9938
6294,BND,2021-06-24,73.0279
6295,BND,2021-06-25,72.8916
6296,BND,2021-06-28,73.0875
6297,BND,2021-06-29,73.1216
6298,BND,2021-06-30,73.1727
6299,BND,2021-07-01,73.1659
6300,BND,2021-07-02,73.2939
6301,BND,2021-07-06,73.5584
6302,BND,2021-07-07,73.712
6303,BND,2021-07-08,73.7802
6304,BND,2021-07-09,73.5498
6305,BND,2021-07-12,73.5242
6306,BND,2021-07-13,73.2939
6307,BND,2021-07-14,73.5413
6308,BND,2021-07-15,73.7205
6309,BND,2021-07-16,73.6522
6310,BND,2021-07-19,74.0703
6311,BND,2021-07-20,73.9935
6312,BND,2021-07-21,73.7546
6313,BND,2021-07-22,73.9168
6314,BND,2021-07-23,73.8314
6315,BND,2021-07-26,73.7887
6316,BND,2021-07-27,73.9765
6317,BND,2021-07-28,74.0447
6318,BND,2021-07-29,73.9168
6319,BND,2021-07-30,74.0277
6320,BND,2021-08-02,74.2037
6321,BND,2021-08-03,74.2208
6322,BND,2021-08-04,74.2208
6323,BND,2021-08-05,74.0499
6324,BND,2021-08-06,73.6995
6325,BND,2021-08-09,73.5628
6326,BND,2021-08-10,73.4517
6327,BND,2021-08-11,73.5029
6328,BND,2021-08-12,73.5115
6329,BND,2021-08-13,73.8021
6330,BND,2021-08-16,73.8704
6331,BND,2021-08-17,73.7935
6332,BND,2021-08-18,73.7765
6333,BND,2021-08-19,73.9388
6334,BND,2021-08-20,73.9217
6335,BND,2021-08-23,73.9388
6336,BND,2021-08-24,73.7935
6337,BND,2021-08-25,73.6739
6338,BND,2021-08-26,73.6824
6339,BND,2021-08-27,73.896
6340,BND,2021-08-30,73.9815
6341,BND,2021-08-31,73.8875
6342,BND,2021-09-01,73.9004
6343,BND,2021-09-02,74.003
6344,BND,2021-09-03,73.849
6345,BND,2021-09-07,73.635
6346,BND,2021-09-08,73.7548
6347,BND,2021-09-09,74.0201
6348,BND,2021-09-10,73.8404
6349,BND,2021-09-13,73.9517
6350,BND,2021-09-14,74.1314
6351,BND,2021-09-15,74.0629
6352,BND,2021-09-16,73.926
6353,BND,2021-09-17,73.8319
6354,BND,2021-09-20,74.0373
6355,BND,2021-09-21,74.0201
6356,BND,2021-09-22,74.0972
6357,BND,2021-09-23,73.7035
6358,BND,2021-09-24,73.5494
6359,BND,2021-09-27,73.4638
6360,BND,2021-09-28,73.1471
6361,BND,2021-09-29,73.1557
6362,BND,2021-09-30,73.1386
6363,BND,2021-10-01,73.3872
6364,BND,2021-10-04,73.3357
6365,BND,2021-10-05,73.1557
6366,BND,2021-10-06,73.19
6367,BND,2021-10-07,72.9843
6368,BND,2021-10-08,72.8043
6369,BND,2021-10-11,72.6928
6370,BND,2021-10-12,72.9585
6371,BND,2021-10-13,73.1557
6372,BND,2021-10-14,73.2843
6373,BND,2021-10-15,73.1043
6374,BND,2021-10-18,73.0614
6375,BND,2021-10-19,72.8557
6376,BND,2021-10-20,72.77
6377,BND,2021-10-21,72.6671
6378,BND,2021-10-22,72.8214
6379,BND,2021-10-25,72.8557
6380,BND,2021-10-26,73.0014
6381,BND,2021-10-27,73.2672
6382,BND,2021-10-28,73.1729
6383,BND,2021-10-29,73.19
6384,BND,2021-11-01,73.1333
6385,BND,2021-11-02,73.2707
6386,BND,2021-11-03,73.1419
6387,BND,2021-11-04,73.4768
6388,BND,2021-11-05,73.7
6389,BND,2021-11-08,73.5369
6390,BND,2021-11-09,73.7429
6391,BND,2021-11-10,73.2449
6392,BND,2021-11-11,73.1248
6393,BND,2021-11-12,73.1333
6394,BND,2021-11-15,72.8328
6395,BND,2021-11-16,72.7813
6396,BND,2021-11-17,72.9359
6397,BND,2021-11-18,73.0218
6398,BND,2021-11-19,73.1762
6399,BND,2021-11-22,72.8157
6400,BND,2021-11-23,72.5238
6401,BND,2021-11-24,72.6955
6402,BND,2021-11-26,73.2106
6403,BND,2021-11-29,73.202
6404,BND,2021-11-30,73.3394
6405,BND,2021-12-01,73.3867
6406,BND,2021-12-02,73.3953
6407,BND,2021-12-03,73.6791
6408,BND,2021-12-06,73.4813
6409,BND,2021-12-07,73.3179
6410,BND,2021-12-08,73.0943
6411,BND,2021-12-09,73.1287
6412,BND,2021-12-10,73.1545
6413,BND,2021-12-13,73.4039
6414,BND,2021-12-14,73.2835
6415,BND,2021-12-15,73.1889
6416,BND,2021-12-16,73.2835
6417,BND,2021-12-17,73.4125
6418,BND,2021-12-20,73.2921
6419,BND,2021-12-21,73.2147
6420,BND,2021-12-22,73.2921
6421,BND,2021-12-23,73.1808
6422,BND,2021-12-27,73.2153
6423,BND,2021-12-28,73.2067
6424,BND,2021-12-29,72.9651
6425,BND,2021-12-30,73.1291
6426,BND,2021-12-31,73.1118
6427,BND,2022-01-03,72.6201
6428,BND,2022-01-04,72.6115
6429,BND,2022-01-05,72.3613
6430,BND,2022-01-06,72.2836
6431,BND,2022-01-07,72.0852
6432,BND,2022-01-10,72.0248
6433,BND,2022-01-11,72.1715
6434,BND,2022-01-12,72.1456
6435,BND,2022-01-13,72.2664
6436,BND,2022-01-14,71.8695
6437,BND,2022-01-18,71.421
6438,BND,2022-01-19,71.5935
6439,BND,2022-01-20,71.6711
6440,BND,2022-01-21,71.9386
6441,BND,2022-01-24,71.8264
6442,BND,2022-01-25,71.7315
6443,BND,2022-01-26,71.3347
6444,BND,2022-01-27,71.5676
6445,BND,2022-01-28,71.6539
6446,BND,2022-01-31,71.6021
6447,BND,2022-02-01,71.5736
6448,BND,2022-02-02,71.6773
6449,BND,2022-02-03,71.3748
6450,BND,2022-02-04,70.9342
6451,BND,2022-02-07,70.9947
6452,BND,2022-02-08,70.7613
6453,BND,2022-02-09,70.8132
6454,BND,2022-02-10,70.1651
6455,BND,2022-02-11,70.6231
6456,BND,2022-02-14,70.2256
6457,BND,2022-02-15,70.0787
6458,BND,2022-02-16,70.1738
6459,BND,2022-02-17,70.3293
6460,BND,2022-02-18,70.4503
6461,BND,2022-02-22,70.4071
6462,BND,2022-02-23,70.0528
6463,BND,2022-02-24,70.2083
6464,BND,2022-02-25,70.2688
6465,BND,2022-02-28,70.7873
6466,BND,2022-03-01,71.1586
6467,BND,2022-03-02,70.2844
6468,BND,2022-03-03,70.596
6469,BND,2022-03-04,70.847
6470,BND,2022-03-07,70.5008
6471,BND,2022-03-08,70.1719
6472,BND,2022-03-09,69.9815
6473,BND,2022-03-10,69.6093
6474,BND,2022-03-11,69.5575
6475,BND,2022-03-14,68.917
6476,BND,2022-03-15,69.0295
6477,BND,2022-03-16,69.1333
6478,BND,2022-03-17,69.1939
6479,BND,2022-03-18,69.393
6480,BND,2022-03-21,68.6833
6481,BND,2022-03-22,68.5102
6482,BND,2022-03-23,68.8218
6483,BND,2022-03-24,68.7352
6484,BND,2022-03-25,68.1294
6485,BND,2022-03-28,68.3285
6486,BND,2022-03-29,68.6314
6487,BND,2022-03-30,68.7872
6488,BND,2022-03-31,68.8391
6489,BND,2022-04-01,68.6899
6490,BND,2022-04-04,68.7419
6491,BND,2022-04-05,68.0479
6492,BND,2022-04-06,67.8396
6493,BND,2022-04-07,67.7008
6494,BND,2022-04-08,67.3364
6495,BND,2022-04-11,67.024
6496,BND,2022-04-12,67.2409
6497,BND,2022-04-13,67.319
6498,BND,2022-04-14,66.8592
6499,BND,2022-04-18,66.6423
6500,BND,2022-04-19,66.2258
6501,BND,2022-04-20,66.6423
6502,BND,2022-04-21,66.2865
6503,BND,2022-04-22,66.1998
6504,BND,2022-04-25,66.6162
6505,BND,2022-04-26,66.7898
6506,BND,2022-04-27,66.5816
6507,BND,2022-04-28,66.5555
6508,BND,2022-04-29,66.1044
6509,BND,2022-05-02,65.7662
6510,BND,2022-05-03,65.9227
6511,BND,2022-05-04,66.3486
6512,BND,2022-05-05,65.688
6513,BND,2022-05-06,65.4098
6514,BND,2022-05-09,65.7054
6515,BND,2022-05-10,65.8966
6516,BND,2022-05-11,66.1226
6517,BND,2022-05-12,66.253
6518,BND,2022-05-13,66.0096
6519,BND,2022-05-16,66.1139
6520,BND,2022-05-17,65.7228
6521,BND,2022-05-18,66.0009
6522,BND,2022-05-19,66.14
6523,BND,2022-05-20,66.3399
6524,BND,2022-05-23,66.1052
6525,BND,2022-05-24,66.6441
6526,BND,2022-05-25,66.9136
6527,BND,2022-05-26,66.8441
6528,BND,2022-05-27,67.0353
6529,BND,2022-05-31,66.6528
6530,BND,2022-06-01,66.355
6531,BND,2022-06-02,66.416
6532,BND,2022-06-03,66.3201
6533,BND,2022-06-06,65.9282
6534,BND,2022-06-07,66.1547
6535,BND,2022-06-08,65.8847
6536,BND,2022-06-09,65.7976
6537,BND,2022-06-10,65.2402
6538,BND,2022-06-13,64.1864
6539,BND,2022-06-14,63.838
6540,BND,2022-06-15,64.5696
6541,BND,2022-06-16,64.709
6542,BND,2022-06-17,64.7438
6543,BND,2022-06-21,64.4477
6544,BND,2022-06-22,64.979
6545,BND,2022-06-23,65.2925
6546,BND,2022-06-24,65.1706
6547,BND,2022-06-27,64.857
6548,BND,2022-06-28,64.8919
6549,BND,2022-06-29,65.2664
6550,BND,2022-06-30,65.545
6551,BND,2022-07-01,66.0677
6552,BND,2022-07-05,66.1812
6553,BND,2022-07-06,65.7798
6554,BND,2022-07-07,65.5965
6555,BND,2022-07-08,65.3783
6556,BND,2022-07-11,65.6227
6557,BND,2022-07-12,65.7362
6558,BND,2022-07-13,65.9456
6559,BND,2022-07-14,65.7362
6560,BND,2022-07-15,65.9718
6561,BND,2022-07-18,65.7711
6562,BND,2022-07-19,65.7187
6563,BND,2022-07-20,65.6576
6564,BND,2022-07-21,66.1987
6565,BND,2022-07-22,66.7397
6566,BND,2022-07-25,66.4954
6567,BND,2022-07-26,66.5128
6568,BND,2022-07-27,66.6961
6569,BND,2022-07-28,67.1586
6570,BND,2022-07-29,67.1062
6571,BND,2022-08-01,67.3974
6572,BND,2022-08-02,66.7154
6573,BND,2022-08-03,67.0476
6574,BND,2022-08-04,67.2138
6575,BND,2022-08-05,66.453
6576,BND,2022-08-08,66.7503
6577,BND,2022-08-09,66.6017
6578,BND,2022-08-10,66.7853
6579,BND,2022-08-11,66.4093
6580,BND,2022-08-12,66.7154
6581,BND,2022-08-15,66.7853
6582,BND,2022-08-16,66.6979
6583,BND,2022-08-17,66.3044
6584,BND,2022-08-18,66.4268
6585,BND,2022-08-19,66.0071
6586,BND,2022-08-22,65.7098
6587,BND,2022-08-23,65.6836
6588,BND,2022-08-24,65.5175
6589,BND,2022-08-25,65.876
6590,BND,2022-08-26,65.7448
6591,BND,2022-08-29,65.4475
6592,BND,2022-08-30,65.5
6593,BND,2022-08-31,65.2289
6594,BND,2022-09-01,64.8749
6595,BND,2022-09-02,65.0414
6596,BND,2022-09-06,64.4543
6597,BND,2022-09-07,64.9187
6598,BND,2022-09-08,64.7172
6599,BND,2022-09-09,64.6909
6600,BND,2022-09-12,64.612
6601,BND,2022-09-13,64.2879
6602,BND,2022-09-14,64.3667
6603,BND,2022-09-15,64.174
6604,BND,2022-09-16,64.1039
6605,BND,2022-09-19,64.06
6606,BND,2022-09-20,63.7446
6607,BND,2022-09-21,63.9198
6608,BND,2022-09-22,63.2627
6609,BND,2022-09-23,63.0874
6610,BND,2022-09-26,62.2813
6611,BND,2022-09-27,62.0097
6612,BND,2022-09-28,62.9735
6613,BND,2022-09-29,62.6493
6614,BND,2022-09-30,62.5004
6615,BND,2022-10-03,63.0237
6616,BND,2022-10-04,63.1818
6617,BND,2022-10-05,62.8481
6618,BND,2022-10-06,62.611
6619,BND,2022-10-07,62.2861
6620,BND,2022-10-10,62.0051
6621,BND,2022-10-11,62.0227
6622,BND,2022-10-12,62.0929
6623,BND,2022-10-13,61.8734
6624,BND,2022-10-14,61.5748
6625,BND,2022-10-17,61.7065
6626,BND,2022-10-18,61.847
6627,BND,2022-10-19,61.3377
6628,BND,2022-10-20,60.925
6629,BND,2022-10-21,61.0304
6630,BND,2022-10-24,60.9426
6631,BND,2022-10-25,61.5221
6632,BND,2022-10-26,61.768
6633,BND,2022-10-27,62.0929
6634,BND,2022-10-28,61.97
6635,BND,2022-10-31,61.7768
6636,BND,2022-11-01,61.841
6637,BND,2022-11-02,61.7442
6638,BND,2022-11-03,61.5066
6639,BND,2022-11-04,61.5242
6640,BND,2022-11-07,61.2865
6641,BND,2022-11-08,61.5594
6642,BND,2022-11-09,61.6474
6643,BND,2022-11-10,62.9237
6644,BND,2022-11-11,62.9237
6645,BND,2022-11-14,62.7212
6646,BND,2022-11-15,63.1613
6647,BND,2022-11-16,63.5222
6648,BND,2022-11-17,63.2581
6649,BND,2022-11-18,63.1525
6650,BND,2022-11-21,63.1525
6651,BND,2022-11-22,63.4782
6652,BND,2022-11-23,63.8655
6653,BND,2022-11-25,63.8655
6654,BND,2022-11-28,63.7862
6655,BND,2022-11-29,63.5486
6656,BND,2022-11-30,64.0415
6657,BND,2022-12-01,64.5752
6658,BND,2022-12-02,64.8398
6659,BND,2022-12-05,64.3282
6660,BND,2022-12-06,64.5399
6661,BND,2022-12-07,65.1045
6662,BND,2022-12-08,64.9192
6663,BND,2022-12-09,64.5399
6664,BND,2022-12-12,64.5399
6665,BND,2022-12-13,64.981
6666,BND,2022-12-14,65.1398
6667,BND,2022-12-15,65.1751
6668,BND,2022-12-16,65.0075
6669,BND,2022-12-19,64.6193
6670,BND,2022-12-20,64.1959
6671,BND,2022-12-21,64.3458
6672,BND,2022-12-22,64.337
6673,BND,2022-12-23,64.1354
6674,BND,2022-12-27,63.6402
6675,BND,2022-12-28,63.5518
6676,BND,2022-12-29,63.7906
6677,BND,2022-12-30,63.5253
6678,BND,2023-01-03,63.8613
6679,BND,2023-01-04,64.2238
6680,BND,2023-01-05,64.1531
6681,BND,2023-01-06,64.8605
6682,BND,2023-01-09,65.0373
6683,BND,2023-01-10,64.7809
6684,BND,2023-01-11,65.1258
6685,BND,2023-01-12,65.6298
6686,BND,2023-01-13,65.4087
6687,BND,2023-01-17,65.3203
6688,BND,2023-01-18,65.9216
6689,BND,2023-01-19,65.789
6690,BND,2023-01-20,65.4971
6691,BND,2023-01-23,65.338
6692,BND,2023-01-24,65.6298
6693,BND,2023-01-25,65.7094
6694,BND,2023-01-26,65.5856
6695,BND,2023-01-27,65.5148
6696,BND,2023-01-30,65.3291
6697,BND,2023-01-31,65.6298
6698,BND,2023-02-01,66.0517
6699,BND,2023-02-02,66.096
6700,BND,2023-02-03,65.511
6701,BND,2023-02-06,65.1033
6702,BND,2023-02-07,65.0147
6703,BND,2023-02-08,65.1299
6704,BND,2023-02-09,64.864
6705,BND,2023-02-10,64.5892
6706,BND,2023-02-13,64.7665
6707,BND,2023-02-14,64.5449
6708,BND,2023-02-15,64.4031
6709,BND,2023-02-16,64.1549
6710,BND,2023-02-17,64.2967
6711,BND,2023-02-21,63.7383
6712,BND,2023-02-22,63.8801
6713,BND,2023-02-23,64.1106
6714,BND,2023-02-24,63.756
6715,BND,2023-02-27,63.8624
6716,BND,2023-02-28,63.8801
6717,BND,2023-03-01,63.5016
6718,BND,2023-03-02,63.3684
6719,BND,2023-03-03,63.857
6720,BND,2023-03-06,63.706
6721,BND,2023-03-07,63.6349
6722,BND,2023-03-08,63.5816
6723,BND,2023-03-09,63.7948
6724,BND,2023-03-10,64.5589
6725,BND,2023-03-13,65.0741
6726,BND,2023-03-14,64.6655
6727,BND,2023-03-15,65.3317
6728,BND,2023-03-16,65.0208
6729,BND,2023-03-17,65.4916
6730,BND,2023-03-20,65.2074
6731,BND,2023-03-21,65.0297
6732,BND,2023-03-22,65.6071
6733,BND,2023-03-23,65.7582
6734,BND,2023-03-24,65.8914
6735,BND,2023-03-27,65.2074
6736,BND,2023-03-28,65.0919
6737,BND,2023-03-29,65.1629
6738,BND,2023-03-30,65.2518
6739,BND,2023-03-31,65.5894
6740,BND,2023-04-03,65.8681
6741,BND,2023-04-04,66.1353
6742,BND,2023-04-05,66.3134
6743,BND,2023-04-06,66.2956
6744,BND,2023-04-10,65.8503
6745,BND,2023-04-11,65.877
6746,BND,2023-04-12,65.9483
6747,BND,2023-04-13,65.9127
6748,BND,2023-04-14,65.6188
6749,BND,2023-04-17,65.2625
6750,BND,2023-04-18,65.3605
6751,BND,2023-04-19,65.2714
6752,BND,2023-04-20,65.5564
6753,BND,2023-04-21,65.4406
6754,BND,2023-04-24,65.6989
6755,BND,2023-04-25,66.1264
6756,BND,2023-04-26,65.8948
6757,BND,2023-04-27,65.6099
6758,BND,2023-04-28,65.975
6759,BND,2023-05-01,65.2965
6760,BND,2023-05-02,65.9393
6761,BND,2023-05-03,66.216
6762,BND,2023-05-04,66.1268
6763,BND,2023-05-05,65.8857
6764,BND,2023-05-08,65.5732
6765,BND,2023-05-09,65.5018
6766,BND,2023-05-10,65.9036
6767,BND,2023-05-11,66.1178
6768,BND,2023-05-12,65.7697
6769,BND,2023-05-15,65.6
6770,BND,2023-05-16,65.4393
6771,BND,2023-05-17,65.3233
6772,BND,2023-05-18,65.0555
6773,BND,2023-05-19,64.8769
6774,BND,2023-05-22,64.859
6775,BND,2023-05-23,64.9037
6776,BND,2023-05-24,64.7251
6777,BND,2023-05-25,64.4841
6778,BND,2023-05-26,64.5644
6779,BND,2023-05-30,64.993
6780,BND,2023-05-31,65.2072
6781,BND,2023-06-01,65.3836
6782,BND,2023-06-02,65.0166
6783,BND,2023-06-05,65.0255
6784,BND,2023-06-06,65.115
6785,BND,2023-06-07,64.7481
6786,BND,2023-06-08,65.0703
6787,BND,2023-06-09,64.936
6788,BND,2023-06-12,65.0703
6789,BND,2023-06-13,64.7838
6790,BND,2023-06-14,64.8376
6791,BND,2023-06-15,65.2403
6792,BND,2023-06-16,65.0971
6793,BND,2023-06-20,65.1866
6794,BND,2023-06-21,65.2941
6795,BND,2023-06-22,64.9808
6796,BND,2023-06-23,65.1687
6797,BND,2023-06-26,65.2493
6798,BND,2023-06-27,65.124
6799,BND,2023-06-28,65.3298
6800,BND,2023-06-29,64.8376
6801,BND,2023-06-30,65.0613
6802,BND,2023-07-03,64.8765
6803,BND,2023-07-05,64.6073
6804,BND,2023-07-06,64.1945
6805,BND,2023-07-07,64.1586
6806,BND,2023-07-10,64.3829
6807,BND,2023-07-11,64.5175
6808,BND,2023-07-12,65.029
6809,BND,2023-07-13,65.4238
6810,BND,2023-07-14,65.1188
6811,BND,2023-07-17,65.1905
6812,BND,2023-07-18,65.2713
6813,BND,2023-07-19,65.4238
6814,BND,2023-07-20,65.1188
6815,BND,2023-07-21,65.1636
6816,BND,2023-07-24,65.0559
6817,BND,2023-07-25,64.9841
6818,BND,2023-07-26,65.1995
6819,BND,2023-07-27,64.6432
6820,BND,2023-07-28,64.8675
6821,BND,2023-07-31,64.9841
6822,BND,2023-08-01,64.582
6823,BND,2023-08-02,64.375
6824,BND,2023-08-03,63.9792
6825,BND,2023-08-04,64.51
6826,BND,2023-08-07,64.411
6827,BND,2023-08-08,64.645
6828,BND,2023-08-09,64.663
6829,BND,2023-08-10,64.3031
6830,BND,2023-08-11,64.0961
6831,BND,2023-08-14,64.0152
6832,BND,2023-08-15,63.8712
6833,BND,2023-08-16,63.6912
6834,BND,2023-08-17,63.6283
6835,BND,2023-08-18,63.7632
6836,BND,2023-08-21,63.4573
6837,BND,2023-08-22,63.5383
6838,BND,2023-08-23,64.1141
6839,BND,2023-08-24,63.9612
6840,BND,2023-08-25,63.9612
6841,BND,2023-08-28,64.0782
6842,BND,2023-08-29,64.474
6843,BND,2023-08-30,64.447
6844,BND,2023-08-31,64.555
6845,BND,2023-09-01,64.2446
6846,BND,2023-09-05,63.8928
6847,BND,2023-09-06,63.8206
6848,BND,2023-09-07,64.0371
6849,BND,2023-09-08,64.0552
6850,BND,2023-09-11,63.9559
6851,BND,2023-09-12,64.0011
6852,BND,2023-09-13,64.1003
6853,BND,2023-09-14,63.992
6854,BND,2023-09-15,63.8657
6855,BND,2023-09-18,63.9289
6856,BND,2023-09-19,63.7935
6857,BND,2023-09-20,63.7124
6858,BND,2023-09-21,63.3154
6859,BND,2023-09-22,63.577
6860,BND,2023-09-25,63.1079
6861,BND,2023-09-26,63.0447
6862,BND,2023-09-27,62.8192
6863,BND,2023-09-28,62.9816
6864,BND,2023-09-29,62.9545
6865,BND,2023-10-02,62.5221
6866,BND,2023-10-03,62.0155
6867,BND,2023-10-04,62.4226
6868,BND,2023-10-05,62.4678
6869,BND,2023-10-06,62.2235
6870,BND,2023-10-09,62.8568
6871,BND,2023-10-10,62.7935
6872,BND,2023-10-11,63.083
6873,BND,2023-10-12,62.5402
6874,BND,2023-10-13,62.8296
6875,BND,2023-10-16,62.504
6876,BND,2023-10-17,62.0969
6877,BND,2023-10-18,61.8255
6878,BND,2023-10-19,61.5541
6879,BND,2023-10-20,61.7802
6880,BND,2023-10-23,62.0155
6881,BND,2023-10-24,62.2235
6882,BND,2023-10-25,61.7531
6883,BND,2023-10-26,62.1692
6884,BND,2023-10-27,62.1692
6885,BND,2023-10-30,62.0155
6886,BND,2023-10-31,61.9974
6887,BND,2023-11-01,62.5989
6888,BND,2023-11-02,62.9619
6889,BND,2023-11-03,63.3339
6890,BND,2023-11-06,63.0617
6891,BND,2023-11-07,63.3793
6892,BND,2023-11-08,63.5789
6893,BND,2023-11-09,63.1071
6894,BND,2023-11-10,63.225
6895,BND,2023-11-13,63.2069
6896,BND,2023-11-14,63.9781
6897,BND,2023-11-15,63.6243
6898,BND,2023-11-16,64.0054
6899,BND,2023-11-17,64.0961
6900,BND,2023-11-20,64.1868
6901,BND,2023-11-21,64.2776
6902,BND,2023-11-22,64.332
6903,BND,2023-11-24,64.0235
6904,BND,2023-11-27,64.4137
6905,BND,2023-11-28,64.6859
6906,BND,2023-11-29,65.0216
6907,BND,2023-11-30,64.8129
6908,BND,2023-12-01,65.3416
6909,BND,2023-12-04,65.0777
6910,BND,2023-12-05,65.4963
6911,BND,2023-12-06,65.6874
6912,BND,2023-12-07,65.6692
6913,BND,2023-12-08,65.3507
6914,BND,2023-12-11,65.3598
6915,BND,2023-12-12,65.5509
6916,BND,2023-12-13,66.388
6917,BND,2023-12-14,66.8885
6918,BND,2023-12-15,66.7883
6919,BND,2023-12-18,66.6518
6920,BND,2023-12-19,66.7792
6921,BND,2023-12-20,66.9976
6922,BND,2023-12-21,66.9885
6923,BND,2023-12-22,66.9438
6924,BND,2023-12-26,67.0077
6925,BND,2023-12-27,67.4366
6926,BND,2023-12-28,67.2723
6927,BND,2023-12-29,67.1172
6928,BND,2024-01-02,66.8343
6929,BND,2024-01-03,66.8891
6930,BND,2024-01-04,66.5879
6931,BND,2024-01-05,66.3872
6932,BND,2024-01-08,66.6792
6933,BND,2024-01-09,66.6701
6934,BND,2024-01-10,66.5514
6935,BND,2024-01-11,66.8982
6936,BND,2024-01-12,67.0351
6937,BND,2024-01-16,66.5606
6938,BND,2024-01-17,66.4054
6939,BND,2024-01-18,66.3142
6940,BND,2024-01-19,66.3142
6941,BND,2024-01-22,66.4237
6942,BND,2024-01-23,66.2685
6943,BND,2024-01-24,66.1317
6944,BND,2024-01-25,66.4419
6945,BND,2024-01-26,66.3416
6946,BND,2024-01-29,66.6062
6947,BND,2024-01-30,66.7248
6948,BND,2024-01-31,67.0077
6949,BND,2024-02-01,67.4122
6950,BND,2024-02-02,66.8082
6951,BND,2024-02-05,66.2774
6952,BND,2024-02-06,66.5886
6953,BND,2024-02-07,66.4604
6954,BND,2024-02-08,66.2865
6955,BND,2024-02-09,66.2316
6956,BND,2024-02-12,66.2499
6957,BND,2024-02-13,65.6734
6958,BND,2024-02-14,65.9205
6959,BND,2024-02-15,66.1035
6960,BND,2024-02-16,65.893
6961,BND,2024-02-20,65.9754
6962,BND,2024-02-21,65.7923
6963,BND,2024-02-22,65.8198
6964,BND,2024-02-23,66.0577
6965,BND,2024-02-26,65.9388
6966,BND,2024-02-27,65.8381
6967,BND,2024-02-28,65.9845
6968,BND,2024-02-29,66.0944
6969,BND,2024-03-01,66.3715
6970,BND,2024-03-04,66.2155
6971,BND,2024-03-05,66.5734
6972,BND,2024-03-06,66.6927
6973,BND,2024-03-07,66.8029
6974,BND,2024-03-08,66.8671
6975,BND,2024-03-11,66.8396
6976,BND,2024-03-12,66.6377
6977,BND,2024-03-13,66.5275
6978,BND,2024-03-14,66.1329
6979,BND,2024-03-15,66.0962
6980,BND,2024-03-18,66.0136
6981,BND,2024-03-19,66.188
6982,BND,2024-03-20,66.3073
6983,BND,2024-03-21,66.3623
6984,BND,2024-03-22,66.5826
6985,BND,2024-03-25,66.4541
6986,BND,2024-03-26,66.5092
6987,BND,2024-03-27,66.7386
6988,BND,2024-03-28,66.656
6989,BND,2024-04-01,66.2013
6990,BND,2024-04-02,66.1277
6991,BND,2024-04-03,66.1737
6992,BND,2024-04-04,66.3118
6993,BND,2024-04-05,65.9804
6994,BND,2024-04-08,65.9252
6995,BND,2024-04-09,66.1645
6996,BND,2024-04-10,65.3913
6997,BND,2024-04-11,65.3913
6998,BND,2024-04-12,65.5386
6999,BND,2024-04-15,65.1059
7000,BND,2024-04-16,64.9402
7001,BND,2024-04-17,65.2532
7002,BND,2024-04-18,65.0783
7003,BND,2024-04-19,65.1611
7004,BND,2024-04-22,65.1888
7005,BND,2024-04-23,65.3084
7006,BND,2024-04-24,65.1427
7007,BND,2024-04-25,64.9586
7008,BND,2024-04-26,65.1059
7009,BND,2024-04-29,65.2992
7010,BND,2024-04-30,65.0507
7011,BND,2024-05-01,65.2852
7012,BND,2024-05-02,65.5437
7013,BND,2024-05-03,65.8761
7014,BND,2024-05-06,65.9407
7015,BND,2024-05-07,66.07
7016,BND,2024-05-08,65.913
7017,BND,2024-05-09,66.0885
7018,BND,2024-05-10,65.9038
7019,BND,2024-05-13,65.9592
7020,BND,2024-05-14,66.1531
7021,BND,2024-05-15,66.5778
7022,BND,2024-05-16,66.467
7023,BND,2024-05-17,66.3008
7024,BND,2024-05-20,66.2362
7025,BND,2024-05-21,66.3746
7026,BND,2024-05-22,66.2916
7027,BND,2024-05-23,66.0977
7028,BND,2024-05-24,66.1716
7029,BND,2024-05-28,65.8576
7030,BND,2024-05-29,65.6176
7031,BND,2024-05-30,65.9038
7032,BND,2024-05-31,66.1438
7033,BND,2024-06-03,66.5134
7034,BND,2024-06-04,66.7634
7035,BND,2024-06-05,66.9487
7036,BND,2024-06-06,66.9579
7037,BND,2024-06-07,66.4208
7038,BND,2024-06-10,66.3189
7039,BND,2024-06-11,66.5875
7040,BND,2024-06-12,66.8931
7041,BND,2024-06-13,67.1894
7042,BND,2024-06-14,67.2913
7043,BND,2024-06-17,67.0412
7044,BND,2024-06-18,67.2728
7045,BND,2024-06-20,67.1431
7046,BND,2024-06-21,67.1616
7047,BND,2024-06-24,67.1987
7048,BND,2024-06-25,67.2357
7049,BND,2024-06-26,66.9209
7050,BND,2024-06-27,67.0412
7051,BND,2024-06-28,66.7264
7052,BND,2024-07-01,66.3743
7053,BND,2024-07-02,66.5694
7054,BND,2024-07-03,66.9503
7055,BND,2024-07-05,67.2568
7056,BND,2024-07-08,67.2568
7057,BND,2024-07-09,67.229
7058,BND,2024-07-10,67.2847
7059,BND,2024-07-11,67.6191
7060,BND,2024-07-12,67.7956
7061,BND,2024-07-15,67.5819
7062,BND,2024-07-16,67.8421
7063,BND,2024-07-17,67.9071
7064,BND,2024-07-18,67.7306
7065,BND,2024-07-19,67.5541
7066,BND,2024-07-22,67.5262
7067,BND,2024-07-23,67.5355
7068,BND,2024-07-24,67.3404
7069,BND,2024-07-25,67.4891
7070,BND,2024-07-26,67.7585
7071,BND,2024-07-29,67.8421
7072,BND,2024-07-30,67.9257
7073,BND,2024-07-31,68.2972
7074,BND,2024-08-01,68.5526
7075,BND,2024-08-02,69.3353
7076,BND,2024-08-05,69.2701
7077,BND,2024-08-06,68.8414
7078,BND,2024-08-07,68.6737
7079,BND,2024-08-08,68.5712
7080,BND,2024-08-09,68.8135
7081,BND,2024-08-12,68.9346
7082,BND,2024-08-13,69.1955
7083,BND,2024-08-14,69.326
7084,BND,2024-08-15,69.0371
7085,BND,2024-08-16,69.1862
7086,BND,2024-08-19,69.2701
7087,BND,2024-08-20,69.4751
7088,BND,2024-08-21,69.6241
7089,BND,2024-08-22,69.3446
7090,BND,2024-08-23,69.6521
7091,BND,2024-08-26,69.5775
7092,BND,2024-08-27,69.5775
7093,BND,2024-08-28,69.531
7094,BND,2024-08-29,69.4284
7095,BND,2024-08-30,69.2887
7096,BND,2024-09-03,69.584
7097,BND,2024-09-04,69.8924
7098,BND,2024-09-05,70.0607
7099,BND,2024-09-06,70.1448
7100,BND,2024-09-09,70.2383
7101,BND,2024-09-10,70.4719
7102,BND,2024-09-11,70.4346
7103,BND,2024-09-12,70.3598
7104,BND,2024-09-13,70.5093
7105,BND,2024-09-16,70.6962
7106,BND,2024-09-17,70.6028
7107,BND,2024-09-18,70.3878
7108,BND,2024-09-19,70.3878
7109,BND,2024-09-20,70.3785
7110,BND,2024-09-23,70.3317
7111,BND,2024-09-24,70.4159
7112,BND,2024-09-25,70.1542
7113,BND,2024-09-26,70.1542
7114,BND,2024-09-27,70.3598
7115,BND,2024-09-30,70.2009
7116,BND,2024-10-01,70.4081
7117,BND,2024-10-02,70.2768
7118,BND,2024-10-03,69.9675
7119,BND,2024-10-04,69.5081
7120,BND,2024-10-07,69.3019
7121,BND,2024-10-08,69.405
7122,BND,2024-10-09,69.2176
7123,BND,2024-10-10,69.1894
7124,BND,2024-10-11,69.1988
7125,BND,2024-10-14,69.1519
7126,BND,2024-10-15,69.4238
7127,BND,2024-10-16,69.5175
7128,BND,2024-10-17,69.1801
7129,BND,2024-10-18,69.2176
7130,BND,2024-10-21,68.7489
7131,BND,2024-10-22,68.777
7132,BND,2024-10-23,68.6083
7133,BND,2024-10-24,68.7207
7134,BND,2024-10-25,68.5801
7135,BND,2024-10-28,68.4958
7136,BND,2024-10-29,68.552
7137,BND,2024-10-30,68.4864
7138,BND,2024-10-31,68.477
7139,BND,2024-11-01,68.2118
7140,BND,2024-11-04,68.4845
7141,BND,2024-11-05,68.6538
7142,BND,2024-11-06,68.0896
7143,BND,2024-11-07,68.5974
7144,BND,2024-11-08,68.729
7145,BND,2024-11-11,68.5974
7146,BND,2024-11-12,68.1836
7147,BND,2024-11-13,68.1554
7148,BND,2024-11-14,68.1366
7149,BND,2024-11-15,68.1554
7150,BND,2024-11-18,68.2212
7151,BND,2024-11-19,68.3435
7152,BND,2024-11-20,68.2683
7153,BND,2024-11-21,68.2307
7154,BND,2024-11-22,68.2589
7155,BND,2024-11-25,68.8889
7156,BND,2024-11-26,68.7666
7157,BND,2024-11-27,68.9547
7158,BND,2024-11-29,69.2086
7159,BND,2024-12-02,69.2491
7160,BND,2024-12-03,69.0888
7161,BND,2024-12-04,69.3246
7162,BND,2024-12-05,69.334
7163,BND,2024-12-06,69.5227
7164,BND,2024-12-09,69.3152
7165,BND,2024-12-10,69.2397
7166,BND,2024-12-11,69.0888
7167,BND,2024-12-12,68.8153
7168,BND,2024-12-13,68.5417
7169,BND,2024-12-16,68.6172
7170,BND,2024-12-17,68.6266
7171,BND,2024-12-18,68.089
7172,BND,2024-12-19,67.9004
7173,BND,2024-12-20,68.1079
7174,BND,2024-12-23,67.891
7175,BND,2024-12-24,67.9884
7176,BND,2024-12-26,68.0357
7177,BND,2024-12-27,67.8938
7178,BND,2024-12-30,68.1588
7179,BND,2024-12-31,68.0452
7180,BND,2025-01-02,68.0736
7181,BND,2025-01-03,67.9884
7182,BND,2025-01-06,67.9222
7183,BND,2025-01-07,67.6856
7184,BND,2025-01-08,67.7613
7185,BND,2025-01-10,67.4112
7186,BND,2025-01-13,67.3449
7187,BND,2025-01-14,67.3923
7188,BND,2025-01-15,67.9316
7189,BND,2025-01-16,68.0641
7190,BND,2025-01-17,68.0831
7191,BND,2025-01-21,68.2818
7192,BND,2025-01-22,68.1398
7193,BND,2025-01-23,68.0357
7194,BND,2025-01-24,68.1682
7195,BND,2025-01-27,68.5278
7196,BND,2025-01-28,68.4899
7197,BND,2025-01-29,68.4521
7198,BND,2025-01-30,68.5467
7199,BND,2025-01-31,68.4521
7200,BND,2025-02-03,68.5138
7201,BND,2025-02-04,68.6087
7202,BND,2025-02-05,68.96
7203,BND,2025-02-06,68.884
7204,BND,2025-02-07,68.6752
7205,BND,2025-02-10,68.6942
7206,BND,2025-02-11,68.5802
7207,BND,2025-02-12,68.229
7208,BND,2025-02-13,68.6372
7209,BND,2025-02-14,68.8555
7210,BND,2025-02-18,68.5992
7211,BND,2025-02-19,68.6942
7212,BND,2025-02-20,68.7796
7213,BND,2025-02-21,69.0834
7214,BND,2025-02-24,69.1783
7215,BND,2025-02-25,69.615
7216,BND,2025-02-26,69.7195
7217,BND,2025-02-27,69.634
7218,BND,2025-02-28,69.9283
7219,BND,2025-03-03,70.0892
7220,BND,2025-03-04,69.8893
7221,BND,2025-03-05,69.6417
7222,BND,2025-03-06,69.5846
7223,BND,2025-03-07,69.5084
7224,BND,2025-03-10,69.8321
7225,BND,2025-03-11,69.5655
7226,BND,2025-03-12,69.4227
7227,BND,2025-03-13,69.6322
7228,BND,2025-03-14,69.4608
7229,BND,2025-03-17,69.556
7230,BND,2025-03-18,69.6322
7231,BND,2025-03-19,69.8417
7232,BND,2025-03-20,69.8702
7233,BND,2025-03-21,69.8131
7234,BND,2025-03-24,69.5084
7235,BND,2025-03-25,69.5941
7236,BND,2025-03-26,69.4417
7237,BND,2025-03-27,69.4132
7238,BND,2025-03-28,69.8131
7239,BND,2025-03-31,69.9369
7240,BND,2025-04-01,70.1566
7241,BND,2025-04-02,70.0993
7242,BND,2025-04-03,70.4623
7243,BND,2025-04-04,70.5196
7244,BND,2025-04-07,69.6694
7245,BND,2025-04-08,69.2682
7246,BND,2025-04-09,69.4306
7247,BND,2025-04-10,68.8765
7248,BND,2025-04-11,68.8001
7249,BND,2025-04-14,69.1917
7250,BND,2025-04-15,69.3637
7251,BND,2025-04-16,69.5548
7252,BND,2025-04-17,69.4019
7253,BND,2025-04-21,69.0198
7254,BND,2025-04-22,69.144
7255,BND,2025-04-23,69.2873
7256,BND,2025-04-24,69.679
7257,BND,2025-04-25,69.9082
7258,BND,2025-04-28,70.0802
7259,BND,2025-04-29,70.2617
7260,BND,2025-04-30,70.2139
7261,BND,2025-05-01,70.0184
7262,BND,2025-05-02,69.6734
7263,BND,2025-05-05,69.5776
7264,BND,2025-05-06,69.7309
7265,BND,2025-05-07,69.8651
7266,BND,2025-05-08,69.4913
7267,BND,2025-05-09,69.5488
7268,BND,2025-05-12,69.3092
7269,BND,2025-05-13,69.2805
7270,BND,2025-05-14,69.0409
7271,BND,2025-05-15,69.4146
7272,BND,2025-05-16,69.4625
7273,BND,2025-05-19,69.4434
7274,BND,2025-05-20,69.3188
7275,BND,2025-05-21,68.8875
7276,BND,2025-05-22,69.0792
7277,BND,2025-05-23,69.1846
7278,BND,2025-05-27,69.5105
7279,BND,2025-05-28,69.3571
7280,BND,2025-05-29,69.6063
7281,BND,2025-05-30,69.7405
7282,BND,2025-06-02,69.5866
7283,BND,2025-06-03,69.5097
7284,BND,2025-06-04,69.9424
7285,BND,2025-06-05,69.8078
7286,BND,2025-06-06,69.4328
7287,BND,2025-06-09,69.5386
7288,BND,2025-06-10,69.6732
7289,BND,2025-06-11,69.8943
7290,BND,2025-06-12,70.1539
7291,BND,2025-06-13,69.9039
7292,BND,2025-06-16,69.7693
7293,BND,2025-06-17,69.9905
7294,BND,2025-06-18,70.0289
7295,BND,2025-06-20,70.077
7296,BND,2025-06-23,70.2501
7297,BND,2025-06-24,70.4616
7298,BND,2025-06-25,70.4809
7299,BND,2025-06-26,70.6828
7300,BND,2025-06-27,70.5193
7301,BND,2025-06-30,70.7982
7302,BND,2025-07-01,70.7451
7303,BND,2025-07-02,70.668
7304,BND,2025-07-03,70.4943
7305,BND,2025-07-07,70.2628
7306,BND,2025-07-08,70.2242
7307,BND,2025-07-09,70.504
7308,BND,2025-07-10,70.5136
7309,BND,2025-07-11,70.2242
7310,BND,2025-07-14,70.2146
7311,BND,2025-07-15,70.0024
7312,BND,2025-07-16,70.1374
7313,BND,2025-07-17,70.1567
7314,BND,2025-07-18,70.2725
7315,BND,2025-07-21,70.475
7316,BND,2025-07-22,70.5908
7317,BND,2025-07-23,70.4461
7318,BND,2025-07-24,70.3593
7319,BND,2025-07-25,70.5329
7320,BND,2025-07-28,70.4171
7321,BND,2025-07-29,70.7837
7322,BND,2025-07-30,70.6004
7323,BND,2025-07-31,70.6101
7324,BND,2025-08-01,71.2217
7325,BND,2025-08-04,71.2701
7326,BND,2025-08-05,71.2991
7327,BND,2025-08-06,71.2411
7328,BND,2025-08-07,71.2121
7329,BND,2025-08-08,71.0572
7330,BND,2025-08-11,71.1056
7331,BND,2025-08-12,71.1153
7332,BND,2025-08-13,71.3766
7333,BND,2025-08-14,71.1734
7334,BND,2025-08-15,71.0766
7335,BND,2025-08-18,70.9991
7336,BND,2025-08-19,71.1346
7337,BND,2025-08-20,71.183
7338,BND,2025-08-21,71.0088
7339,BND,2025-08-22,71.3669
7340,BND,2025-08-25,71.2701
7341,BND,2025-08-26,71.3572
7342,BND,2025-08-27,71.425
7343,BND,2025-08-28,71.5121
7344,BND,2025-08-29,71.425
7345,BND,2025-09-02,71.2725
7346,BND,2025-09-03,71.5056
7347,BND,2025-09-04,71.7775
7348,BND,2025-09-05,72.1173
7349,BND,2025-09-08,72.3504
7350,BND,2025-09-09,72.2144
7351,BND,2025-09-10,72.3407
7352,BND,2025-09-11,72.496
7353,BND,2025-09-12,72.4086
7354,BND,2025-09-15,72.5446
7355,BND,2025-09-16,72.5543
7356,BND,2025-09-17,72.428
7357,BND,2025-09-18,72.2436
7358,BND,2025-09-19,72.2727
7359,BND,2025-09-22,72.1367
7360,BND,2025-09-23,72.2824
7361,BND,2025-09-24,72.1367
7362,BND,2025-09-25,72.059
7363,BND,2025-09-26,72.059
7364,BND,2025-09-29,72.2436
7365,BND,2025-09-30,72.2144
7366,BND,2025-10-01,72.3966
7367,BND,2025-10-02,72.4745
7368,BND,2025-10-03,72.3868
7369,BND,2025-10-06,72.2212
7370,BND,2025-10-07,72.3576
7371,BND,2025-10-08,72.3576
7372,BND,2025-10-09,72.3089
7373,BND,2025-10-10,72.5914
7374,BND,2025-10-13,72.7083
7375,BND,2025-10-14,72.8154
7376,BND,2025-10-15,72.7667
7377,BND,2025-10-16,73.0395
7378,BND,2025-10-17,72.9421
7379,BND,2025-10-20,73.0395
7380,BND,2025-10-21,73.1272
7381,BND,2025-10-22,73.1272
7382,BND,2025-10-23,72.981
7383,BND,2025-10-24,73.0785
7384,BND,2025-10-27,73.1174
7385,BND,2025-10-28,73.1564
7386,BND,2025-10-29,72.796
7387,BND,2025-10-30,72.6693
7388,BND,2025-10-31,72.6498
7389,BND,2025-11-03,72.5658
7390,BND,2025-11-04,72.6049
7391,BND,2025-11-05,72.3997
7392,BND,2025-11-06,72.6831
7393,BND,2025-11-07,72.644
7394,BND,2025-11-10,72.6244
7395,BND,2025-11-11,72.8297
7396,BND,2025-11-12,72.8003
7397,BND,2025-11-13,72.5853
7398,BND,2025-11-14,72.4778
7399,BND,2025-11-17,72.5169
7400,BND,2025-11-18,72.5756
7401,BND,2025-11-19,72.5462
7402,BND,2025-11-20,72.6537
7403,BND,2025-11-21,72.8297
7404,BND,2025-11-24,72.9567
7405,BND,2025-11-25,73.1229
7406,BND,2025-11-26,73.201
7407,BND,2025-11-28,73.0838
7408,BND,2025-12-01,72.7985
7409,BND,2025-12-02,72.8671
7410,BND,2025-12-03,72.9749
7411,BND,2025-12-04,72.8377
7412,BND,2025-12-05,72.7494
7413,BND,2025-12-08,72.6416
7414,BND,2025-12-09,72.5926
7415,BND,2025-12-10,72.8083
7416,BND,2025-12-11,72.8083
7417,BND,2025-12-12,72.5828
7418,BND,2025-12-15,72.671
7419,BND,2025-12-16,72.8083
7420,BND,2025-12-17,72.7887
7421,BND,2025-12-18,72.9431
7422,BND,2025-12-19,72.8349
7423,BND,2025-12-22,72.8152
7424,BND,2025-12-23,72.8054
7425,BND,2025-12-24,72.9825
7426,BND,2025-12-26,72.9825
7427,BND,2025-12-29,73.0907
7428,BND,2025-12-30,73.0611
7429,BND,2025-12-31,72.8644
7430,BND,2026-01-02,72.8349
7431,BND,2026-01-05,72.9726
7432,BND,2026-01-06,72.9726
7433,BND,2026-01-07,73.0513
7434,BND,2026-01-08,72.9234
7435,BND,2026-01-09,73.0808
7436,BND,2026-01-12,73.012
7437,BND,2026-01-13,73.071
7438,BND,2026-01-14,73.2185
7439,BND,2026-01-15,73.1103
7440,BND,2026-01-16,72.9923
7441,BND,2026-01-20,72.7267
7442,BND,2026-01-21,72.9333
7443,BND,2026-01-22,72.9628
7444,BND,2026-01-23,73.0415
7445,BND,2026-01-26,73.13
7446,BND,2026-01-27,73.071
7447,BND,2026-01-28,73.0415
7448,BND,2026-01-29,73.0513
7449,BND,2026-01-30,73.0218
7450,BND,2026-02-02,72.9478
7451,BND,2026-02-03,72.9675
7452,BND,2026-02-04,72.9379
7453,BND,2026-02-05,73.2537
7454,BND,2026-02-06,73.2636
7455,BND,2026-02-09,73.2833
7456,BND,2026-02-10,73.5005
7457,BND,2026-02-11,73.3524
7458,BND,2026-02-12,73.688
7459,BND,2026-02-13,73.9051
7460,BND,2026-02-17,73.8953
7461,BND,2026-02-18,73.8163
7462,BND,2026-02-19,73.8459
7463,BND,2026-02-20,73.8361
7464,BND,2026-02-23,73.994
7465,BND,2026-02-24,73.9545
7466,BND,2026-02-25,73.9348
7467,BND,2026-02-26,74.0433
7468,BND,2026-02-27,74.1914
7469,BND,2026-03-02,73.8924
7470,BND,2026-03-03,73.8132
7471,BND,2026-03-04,73.7637
7472,BND,2026-03-05,73.5954
7473,BND,2026-03-06,73.4964
7474,BND,2026-03-09,73.7043
7475,BND,2026-03-10,73.4766
7476,BND,2026-03-11,73.1499
7477,BND,2026-03-12,72.8826
7478,BND,2026-03-13,72.8133
7479,BND,2026-03-16,73.0905
7480,BND,2026-03-17,73.239
7481,BND,2026-03-18,72.942
7482,BND,2026-03-19,73.0212
7483,BND,2026-03-20,72.4371
7484,BND,2026-03-23,72.7143
7485,BND,2026-03-24,72.5262
7486,BND,2026-03-25,72.8034
7487,BND,2026-03-26,72.3777
7488,BND,2026-03-27,72.3777
7489,BND,2026-03-30,72.744
7490,BND,2026-03-31,72.9024
7491,BND,2026-04-01,72.9322
7492,BND,2026-04-02,73.0911
7493,BND,2026-04-06,72.9819
7494,BND,2026-04-07,73.0911
7495,BND,2026-04-08,73.2302
7496,BND,2026-04-09,73.26
7497,BND,2026-04-10,73.1507
7498,BND,2026-04-13,73.3097
7499,BND,2026-04-14,73.4885
7500,BND,2026-04-15,73.3892
7501,BND,2026-04-16,73.2799
7502,BND,2026-04-17,73.568
7503,BND,2026-04-20,73.5183
7504,BND,2026-04-21,73.2898
7505,BND,2026-04-22,73.3693
7506,BND,2026-04-23,73.2402
7507,BND,2026-04-24,73.3693
7508,BND,2026-04-27,73.2501
7509,BND,2026-04-28,73.2302
7510,BND,2026-04-29,72.9024
7511,BND,2026-04-30,73.0117
7512,BND,2026-05-01,73.1133
7513,BND,2026-05-04,72.8642
7514,BND,2026-05-05,72.9937
7515,BND,2026-05-06,73.3027
7516,BND,2026-05-07,73.1133
7517,BND,2026-05-08,73.3027
7518,BND,2026-05-11,73.1233
7519,BND,2026-05-12,72.904
7520,BND,2026-05-13,72.9339
7521,BND,2026-05-14,72.914
7522,BND,2026-05-15,72.4954
7523,BND,2026-05-18,72.4456
7524,BND,2026-05-19,72.2064
7525,BND,2026-05-20,72.605
7526,BND,2026-05-21,72.6848
7527,BND,2026-05-22,72.7545
7528,BND,2026-05-26,72.9638
7529,BND,2026-05-27,73.0336
7530,BND,2026-05-28,73.1731
7531,BND,2026-05-29,73.213
7532,BND,2026-06-01,73.18
7533,BND,2026-06-02,73.2
7534,BND,2026-06-03,73.06
7535,BND,2026-06-04,73.16
7536,BND,2026-06-05,72.83
